The target system is: Generic -  - 
The host system is: Linux - 5.10.0-1012-rockchip - aarch64
Compiling the C compiler identification source file "CMakeCCompilerId.c" succeeded.
Compiler: /home/phill/.espressif/tools/riscv32-esp-elf/esp-13.2.0_20240530/riscv32-esp-elf/bin/riscv32-esp-elf-gcc 
Build flags: -march=rv32imafc_zicsr_zifencei_xesppie;-mabi=ilp32f;
Id flags:  

The output was:
0
/home/phill/.espressif/tools/riscv32-esp-elf/esp-13.2.0_20240530/riscv32-esp-elf/bin/../lib/gcc/riscv32-esp-elf/13.2.0/../../../../riscv32-esp-elf/bin/ld: /home/phill/.espressif/tools/riscv32-esp-elf/esp-13.2.0_20240530/riscv32-esp-elf/bin/../lib/gcc/riscv32-esp-elf/13.2.0/../../../../riscv32-esp-elf/lib/rv32imafc_zicsr_zifencei/ilp32f/libc.a(libc_a-closer.o): in function `_close_r':
/builds/idf/crosstool-NG/.build/HOST-aarch64-linux-gnu/riscv32-esp-elf/src/newlib/newlib/libc/reent/closer.c:47:(.text+0x14): warning: _close is not implemented and will always fail
/home/phill/.espressif/tools/riscv32-esp-elf/esp-13.2.0_20240530/riscv32-esp-elf/bin/../lib/gcc/riscv32-esp-elf/13.2.0/../../../../riscv32-esp-elf/bin/ld: /home/phill/.espressif/tools/riscv32-esp-elf/esp-13.2.0_20240530/riscv32-esp-elf/bin/../lib/gcc/riscv32-esp-elf/13.2.0/../../../../riscv32-esp-elf/lib/rv32imafc_zicsr_zifencei/ilp32f/libc.a(libc_a-lseekr.o): in function `_lseek_r':
/builds/idf/crosstool-NG/.build/HOST-aarch64-linux-gnu/riscv32-esp-elf/src/newlib/newlib/libc/reent/lseekr.c:49:(.text+0x18): warning: _lseek is not implemented and will always fail
/home/phill/.espressif/tools/riscv32-esp-elf/esp-13.2.0_20240530/riscv32-esp-elf/bin/../lib/gcc/riscv32-esp-elf/13.2.0/../../../../riscv32-esp-elf/bin/ld: /home/phill/.espressif/tools/riscv32-esp-elf/esp-13.2.0_20240530/riscv32-esp-elf/bin/../lib/gcc/riscv32-esp-elf/13.2.0/../../../../riscv32-esp-elf/lib/rv32imafc_zicsr_zifencei/ilp32f/libc.a(libc_a-readr.o): in function `_read_r':
/builds/idf/crosstool-NG/.build/HOST-aarch64-linux-gnu/riscv32-esp-elf/src/newlib/newlib/libc/reent/readr.c:49:(.text+0x18): warning: _read is not implemented and will always fail
/home/phill/.espressif/tools/riscv32-esp-elf/esp-13.2.0_20240530/riscv32-esp-elf/bin/../lib/gcc/riscv32-esp-elf/13.2.0/../../../../riscv32-esp-elf/bin/ld: /home/phill/.espressif/tools/riscv32-esp-elf/esp-13.2.0_20240530/riscv32-esp-elf/bin/../lib/gcc/riscv32-esp-elf/13.2.0/../../../../riscv32-esp-elf/lib/rv32imafc_zicsr_zifencei/ilp32f/libc.a(libc_a-writer.o): in function `_write_r':
/builds/idf/crosstool-NG/.build/HOST-aarch64-linux-gnu/riscv32-esp-elf/src/newlib/newlib/libc/reent/writer.c:49:(.text+0x18): warning: _write is not implemented and will always fail
/home/phill/.espressif/tools/riscv32-esp-elf/esp-13.2.0_20240530/riscv32-esp-elf/bin/../lib/gcc/riscv32-esp-elf/13.2.0/../../../../riscv32-esp-elf/bin/ld: /home/phill/.espressif/tools/riscv32-esp-elf/esp-13.2.0_20240530/riscv32-esp-elf/bin/../lib/gcc/riscv32-esp-elf/13.2.0/../../../../riscv32-esp-elf/lib/rv32imafc_zicsr_zifencei/ilp32f/libc.a(libc_a-fclose.o): in function `fclose':
/builds/idf/crosstool-NG/.build/HOST-aarch64-linux-gnu/riscv32-esp-elf/src/newlib/newlib/libc/stdio/fclose.c:125:(.text+0xf4): warning: __getreent is not implemented and will always fail


Compilation of the C compiler identification source "CMakeCCompilerId.c" produced "a.out"

The C compiler identification is GNU, found in "/home/phill/wyEspAgentPay/example/build/CMakeFiles/3.22.1/CompilerIdC/a.out"

Compiling the CXX compiler identification source file "CMakeCXXCompilerId.cpp" succeeded.
Compiler: /home/phill/.espressif/tools/riscv32-esp-elf/esp-13.2.0_20240530/riscv32-esp-elf/bin/riscv32-esp-elf-g++ 
Build flags: -march=rv32imafc_zicsr_zifencei_xesppie;-mabi=ilp32f;
Id flags:  

The output was:
0
/home/phill/.espressif/tools/riscv32-esp-elf/esp-13.2.0_20240530/riscv32-esp-elf/bin/../lib/gcc/riscv32-esp-elf/13.2.0/../../../../riscv32-esp-elf/bin/ld: /home/phill/.espressif/tools/riscv32-esp-elf/esp-13.2.0_20240530/riscv32-esp-elf/bin/../lib/gcc/riscv32-esp-elf/13.2.0/../../../../riscv32-esp-elf/lib/rv32imafc_zicsr_zifencei/ilp32f/libc.a(libc_a-closer.o): in function `_close_r':
/builds/idf/crosstool-NG/.build/HOST-aarch64-linux-gnu/riscv32-esp-elf/src/newlib/newlib/libc/reent/closer.c:47:(.text+0x14): warning: _close is not implemented and will always fail
/home/phill/.espressif/tools/riscv32-esp-elf/esp-13.2.0_20240530/riscv32-esp-elf/bin/../lib/gcc/riscv32-esp-elf/13.2.0/../../../../riscv32-esp-elf/bin/ld: /home/phill/.espressif/tools/riscv32-esp-elf/esp-13.2.0_20240530/riscv32-esp-elf/bin/../lib/gcc/riscv32-esp-elf/13.2.0/../../../../riscv32-esp-elf/lib/rv32imafc_zicsr_zifencei/ilp32f/libc.a(libc_a-lseekr.o): in function `_lseek_r':
/builds/idf/crosstool-NG/.build/HOST-aarch64-linux-gnu/riscv32-esp-elf/src/newlib/newlib/libc/reent/lseekr.c:49:(.text+0x18): warning: _lseek is not implemented and will always fail
/home/phill/.espressif/tools/riscv32-esp-elf/esp-13.2.0_20240530/riscv32-esp-elf/bin/../lib/gcc/riscv32-esp-elf/13.2.0/../../../../riscv32-esp-elf/bin/ld: /home/phill/.espressif/tools/riscv32-esp-elf/esp-13.2.0_20240530/riscv32-esp-elf/bin/../lib/gcc/riscv32-esp-elf/13.2.0/../../../../riscv32-esp-elf/lib/rv32imafc_zicsr_zifencei/ilp32f/libc.a(libc_a-readr.o): in function `_read_r':
/builds/idf/crosstool-NG/.build/HOST-aarch64-linux-gnu/riscv32-esp-elf/src/newlib/newlib/libc/reent/readr.c:49:(.text+0x18): warning: _read is not implemented and will always fail
/home/phill/.espressif/tools/riscv32-esp-elf/esp-13.2.0_20240530/riscv32-esp-elf/bin/../lib/gcc/riscv32-esp-elf/13.2.0/../../../../riscv32-esp-elf/bin/ld: /home/phill/.espressif/tools/riscv32-esp-elf/esp-13.2.0_20240530/riscv32-esp-elf/bin/../lib/gcc/riscv32-esp-elf/13.2.0/../../../../riscv32-esp-elf/lib/rv32imafc_zicsr_zifencei/ilp32f/libc.a(libc_a-writer.o): in function `_write_r':
/builds/idf/crosstool-NG/.build/HOST-aarch64-linux-gnu/riscv32-esp-elf/src/newlib/newlib/libc/reent/writer.c:49:(.text+0x18): warning: _write is not implemented and will always fail
/home/phill/.espressif/tools/riscv32-esp-elf/esp-13.2.0_20240530/riscv32-esp-elf/bin/../lib/gcc/riscv32-esp-elf/13.2.0/../../../../riscv32-esp-elf/bin/ld: /home/phill/.espressif/tools/riscv32-esp-elf/esp-13.2.0_20240530/riscv32-esp-elf/bin/../lib/gcc/riscv32-esp-elf/13.2.0/../../../../riscv32-esp-elf/lib/rv32imafc_zicsr_zifencei/ilp32f/libc.a(libc_a-fclose.o): in function `fclose':
/builds/idf/crosstool-NG/.build/HOST-aarch64-linux-gnu/riscv32-esp-elf/src/newlib/newlib/libc/stdio/fclose.c:125:(.text+0xf4): warning: __getreent is not implemented and will always fail


Compilation of the CXX compiler identification source "CMakeCXXCompilerId.cpp" produced "a.out"

The CXX compiler identification is GNU, found in "/home/phill/wyEspAgentPay/example/build/CMakeFiles/3.22.1/CompilerIdCXX/a.out"

Checking whether the ASM compiler is GNU using "--version" matched "(GNU assembler)|(GCC)|(Free Software Foundation)":
riscv32-esp-elf-gcc (crosstool-NG esp-13.2.0_20240530) 13.2.0
Copyright (C) 2023 Free Software Foundation, Inc.
This is free software; see the source for copying conditions.  There is NO
warranty; not even for MERCHANTABILITY or FITNESS FOR A PARTICULAR PURPOSE.

Detecting C compiler ABI info compiled with the following output:
Change Dir: /home/phill/wyEspAgentPay/example/build/CMakeFiles/CMakeTmp

Run Build Command(s):/usr/bin/gmake -f Makefile cmTC_f352e/fast && /usr/bin/gmake  -f CMakeFiles/cmTC_f352e.dir/build.make CMakeFiles/cmTC_f352e.dir/build
gmake[1]: Entering directory '/home/phill/wyEspAgentPay/example/build/CMakeFiles/CMakeTmp'
Building C object CMakeFiles/cmTC_f352e.dir/CMakeCCompilerABI.c.obj
/home/phill/.espressif/tools/riscv32-esp-elf/esp-13.2.0_20240530/riscv32-esp-elf/bin/riscv32-esp-elf-gcc   -march=rv32imafc_zicsr_zifencei_xesppie -mabi=ilp32f     -v -o CMakeFiles/cmTC_f352e.dir/CMakeCCompilerABI.c.obj -c /usr/share/cmake-3.22/Modules/CMakeCCompilerABI.c
Using built-in specs.
COLLECT_GCC=/home/phill/.espressif/tools/riscv32-esp-elf/esp-13.2.0_20240530/riscv32-esp-elf/bin/riscv32-esp-elf-gcc
Target: riscv32-esp-elf
Configured with: /builds/idf/crosstool-NG/.build/HOST-aarch64-linux-gnu/riscv32-esp-elf/src/gcc/configure --build=x86_64-build_pc-linux-gnu --host=aarch64-host_unknown-linux-gnu --target=riscv32-esp-elf --prefix=/builds/idf/crosstool-NG/builds/riscv32-esp-elf --exec_prefix=/builds/idf/crosstool-NG/builds/riscv32-esp-elf --with-local-prefix=/builds/idf/crosstool-NG/builds/riscv32-esp-elf/riscv32-esp-elf --with-sysroot=/builds/idf/crosstool-NG/builds/riscv32-esp-elf/riscv32-esp-elf --with-native-system-header-dir=/include --with-newlib --enable-threads=no --disable-shared --with-arch=rv32gc --with-abi=ilp32 --with-pkgversion='crosstool-NG esp-13.2.0_20240530' --disable-__cxa_atexit --enable-cxx-flags=-ffunction-sections --disable-libgomp --disable-libmudflap --disable-libmpx --disable-libssp --disable-libquadmath --disable-libquadmath-support --disable-libstdcxx-verbose --with-gmp=/builds/idf/crosstool-NG/.build/HOST-aarch64-linux-gnu/riscv32-esp-elf/buildtools/complibs-host --with-mpfr=/builds/idf/crosstool-NG/.build/HOST-aarch64-linux-gnu/riscv32-esp-elf/buildtools/complibs-host --with-mpc=/builds/idf/crosstool-NG/.build/HOST-aarch64-linux-gnu/riscv32-esp-elf/buildtools/complibs-host --with-isl=/builds/idf/crosstool-NG/.build/HOST-aarch64-linux-gnu/riscv32-esp-elf/buildtools/complibs-host --enable-lto --enable-target-optspace --without-long-double-128 --disable-nls --enable-multiarch --enable-languages=c,c++ --disable-libstdcxx-verbose --enable-threads=posix --enable-gcov-custom-rtio --enable-libstdcxx-time=yes
Thread model: posix
Supported LTO compression algorithms: zlib zstd
gcc version 13.2.0 (crosstool-NG esp-13.2.0_20240530) 
COLLECT_GCC_OPTIONS='-march=rv32imafc_zicsr_zifencei_xesppie' '-mabi=ilp32f' '-v' '-o' 'CMakeFiles/cmTC_f352e.dir/CMakeCCompilerABI.c.obj' '-c' '-misa-spec=20191213' '-march=rv32imafc_zicsr_zifencei_xesppie' '-dumpdir' 'CMakeFiles/cmTC_f352e.dir/'
 /home/phill/.espressif/tools/riscv32-esp-elf/esp-13.2.0_20240530/riscv32-esp-elf/bin/../libexec/gcc/riscv32-esp-elf/13.2.0/cc1 -quiet -v -imultilib rv32imafc_zicsr_zifencei/ilp32f -iprefix /home/phill/.espressif/tools/riscv32-esp-elf/esp-13.2.0_20240530/riscv32-esp-elf/bin/../lib/gcc/riscv32-esp-elf/13.2.0/ -isysroot /home/phill/.espressif/tools/riscv32-esp-elf/esp-13.2.0_20240530/riscv32-esp-elf/bin/../riscv32-esp-elf /usr/share/cmake-3.22/Modules/CMakeCCompilerABI.c -quiet -dumpdir CMakeFiles/cmTC_f352e.dir/ -dumpbase CMakeCCompilerABI.c.c -dumpbase-ext .c -march=rv32imafc_zicsr_zifencei_xesppie -mabi=ilp32f -misa-spec=20191213 -march=rv32imafc_zicsr_zifencei_xesppie -version -o /tmp/ccxPWgS1.s
GNU C17 (crosstool-NG esp-13.2.0_20240530) version 13.2.0 (riscv32-esp-elf)
	compiled by GNU C version 6.3.0 20170516, GMP version 6.2.1, MPFR version 4.2.1, MPC version 1.2.1, isl version isl-0.26-GMP

GGC heuristics: --param ggc-min-expand=100 --param ggc-min-heapsize=131072
ignoring duplicate directory "/home/phill/.espressif/tools/riscv32-esp-elf/esp-13.2.0_20240530/riscv32-esp-elf/bin/../lib/gcc/../../lib/gcc/riscv32-esp-elf/13.2.0/include"
ignoring nonexistent directory "/home/phill/.espressif/tools/riscv32-esp-elf/esp-13.2.0_20240530/riscv32-esp-elf/bin/../riscv32-esp-elf/builds/idf/crosstool-NG/builds/riscv32-esp-elf/riscv32-esp-elf/include"
ignoring duplicate directory "/home/phill/.espressif/tools/riscv32-esp-elf/esp-13.2.0_20240530/riscv32-esp-elf/bin/../lib/gcc/../../lib/gcc/riscv32-esp-elf/13.2.0/include-fixed"
ignoring duplicate directory "/home/phill/.espressif/tools/riscv32-esp-elf/esp-13.2.0_20240530/riscv32-esp-elf/bin/../lib/gcc/../../lib/gcc/riscv32-esp-elf/13.2.0/../../../../riscv32-esp-elf/include"
ignoring duplicate directory "/home/phill/.espressif/tools/riscv32-esp-elf/esp-13.2.0_20240530/riscv32-esp-elf/bin/../riscv32-esp-elf/include"
#include "..." search starts here:
#include <...> search starts here:
 /home/phill/.espressif/tools/riscv32-esp-elf/esp-13.2.0_20240530/riscv32-esp-elf/bin/../lib/gcc/riscv32-esp-elf/13.2.0/include
 /home/phill/.espressif/tools/riscv32-esp-elf/esp-13.2.0_20240530/riscv32-esp-elf/bin/../lib/gcc/riscv32-esp-elf/13.2.0/include-fixed
 /home/phill/.espressif/tools/riscv32-esp-elf/esp-13.2.0_20240530/riscv32-esp-elf/bin/../lib/gcc/riscv32-esp-elf/13.2.0/../../../../riscv32-esp-elf/include
End of search list.
Compiler executable checksum: 42457704b0c50327ce1b97c71567cc04
COLLECT_GCC_OPTIONS='-march=rv32imafc_zicsr_zifencei_xesppie' '-mabi=ilp32f' '-v' '-o' 'CMakeFiles/cmTC_f352e.dir/CMakeCCompilerABI.c.obj' '-c' '-misa-spec=20191213' '-march=rv32imafc_zicsr_zifencei_xesppie' '-dumpdir' 'CMakeFiles/cmTC_f352e.dir/'
 /home/phill/.espressif/tools/riscv32-esp-elf/esp-13.2.0_20240530/riscv32-esp-elf/bin/../lib/gcc/riscv32-esp-elf/13.2.0/../../../../riscv32-esp-elf/bin/as -v --traditional-format -march=rv32imafc_zicsr_zifencei_xesppie -march=rv32imafc_zicsr_zifencei_xesppie -mabi=ilp32f -misa-spec=20191213 -o CMakeFiles/cmTC_f352e.dir/CMakeCCompilerABI.c.obj /tmp/ccxPWgS1.s
GNU assembler version 2.41 (riscv32-esp-elf) using BFD version (crosstool-NG esp-13.2.0_20240530) 2.41
COMPILER_PATH=/home/phill/.espressif/tools/riscv32-esp-elf/esp-13.2.0_20240530/riscv32-esp-elf/bin/../libexec/gcc/riscv32-esp-elf/13.2.0/:/home/phill/.espressif/tools/riscv32-esp-elf/esp-13.2.0_20240530/riscv32-esp-elf/bin/../libexec/gcc/:/home/phill/.espressif/tools/riscv32-esp-elf/esp-13.2.0_20240530/riscv32-esp-elf/bin/../lib/gcc/riscv32-esp-elf/13.2.0/../../../../riscv32-esp-elf/bin/
LIBRARY_PATH=/home/phill/.espressif/tools/riscv32-esp-elf/esp-13.2.0_20240530/riscv32-esp-elf/bin/../lib/gcc/riscv32-esp-elf/13.2.0/rv32imafc_zicsr_zifencei/ilp32f/:/home/phill/.espressif/tools/riscv32-esp-elf/esp-13.2.0_20240530/riscv32-esp-elf/bin/../lib/gcc/riscv32-esp-elf/13.2.0/../../../../riscv32-esp-elf/lib/rv32imafc_zicsr_zifencei/ilp32f/:/home/phill/.espressif/tools/riscv32-esp-elf/esp-13.2.0_20240530/riscv32-esp-elf/bin/../riscv32-esp-elf/lib/rv32imafc_zicsr_zifencei/ilp32f/:/home/phill/.espressif/tools/riscv32-esp-elf/esp-13.2.0_20240530/riscv32-esp-elf/bin/../lib/gcc/riscv32-esp-elf/13.2.0/:/home/phill/.espressif/tools/riscv32-esp-elf/esp-13.2.0_20240530/riscv32-esp-elf/bin/../lib/gcc/:/home/phill/.espressif/tools/riscv32-esp-elf/esp-13.2.0_20240530/riscv32-esp-elf/bin/../lib/gcc/riscv32-esp-elf/13.2.0/../../../../riscv32-esp-elf/lib/:/home/phill/.espressif/tools/riscv32-esp-elf/esp-13.2.0_20240530/riscv32-esp-elf/bin/../riscv32-esp-elf/lib/:/home/phill/.espressif/tools/riscv32-esp-elf/esp-13.2.0_20240530/riscv32-esp-elf/bin/../riscv32-esp-elf/usr/lib/
COLLECT_GCC_OPTIONS='-march=rv32imafc_zicsr_zifencei_xesppie' '-mabi=ilp32f' '-v' '-o' 'CMakeFiles/cmTC_f352e.dir/CMakeCCompilerABI.c.obj' '-c' '-misa-spec=20191213' '-march=rv32imafc_zicsr_zifencei_xesppie' '-dumpdir' 'CMakeFiles/cmTC_f352e.dir/CMakeCCompilerABI.c.'
Linking C executable cmTC_f352e
/usr/bin/cmake -E cmake_link_script CMakeFiles/cmTC_f352e.dir/link.txt --verbose=1
/home/phill/.espressif/tools/riscv32-esp-elf/esp-13.2.0_20240530/riscv32-esp-elf/bin/riscv32-esp-elf-gcc -march=rv32imafc_zicsr_zifencei_xesppie -mabi=ilp32f   -nostartfiles -march=rv32imafc_zicsr_zifencei_xesppie -mabi=ilp32f --specs=nosys.specs  -v CMakeFiles/cmTC_f352e.dir/CMakeCCompilerABI.c.obj -o cmTC_f352e 
Using built-in specs.
Reading specs from /home/phill/.espressif/tools/riscv32-esp-elf/esp-13.2.0_20240530/riscv32-esp-elf/bin/../lib/gcc/riscv32-esp-elf/13.2.0/../../../../riscv32-esp-elf/lib/nosys.specs
rename spec link_gcc_c_sequence to nosys_link_gcc_c_sequence
COLLECT_GCC=/home/phill/.espressif/tools/riscv32-esp-elf/esp-13.2.0_20240530/riscv32-esp-elf/bin/riscv32-esp-elf-gcc
COLLECT_LTO_WRAPPER=/home/phill/.espressif/tools/riscv32-esp-elf/esp-13.2.0_20240530/riscv32-esp-elf/bin/../libexec/gcc/riscv32-esp-elf/13.2.0/lto-wrapper
Target: riscv32-esp-elf
Configured with: /builds/idf/crosstool-NG/.build/HOST-aarch64-linux-gnu/riscv32-esp-elf/src/gcc/configure --build=x86_64-build_pc-linux-gnu --host=aarch64-host_unknown-linux-gnu --target=riscv32-esp-elf --prefix=/builds/idf/crosstool-NG/builds/riscv32-esp-elf --exec_prefix=/builds/idf/crosstool-NG/builds/riscv32-esp-elf --with-local-prefix=/builds/idf/crosstool-NG/builds/riscv32-esp-elf/riscv32-esp-elf --with-sysroot=/builds/idf/crosstool-NG/builds/riscv32-esp-elf/riscv32-esp-elf --with-native-system-header-dir=/include --with-newlib --enable-threads=no --disable-shared --with-arch=rv32gc --with-abi=ilp32 --with-pkgversion='crosstool-NG esp-13.2.0_20240530' --disable-__cxa_atexit --enable-cxx-flags=-ffunction-sections --disable-libgomp --disable-libmudflap --disable-libmpx --disable-libssp --disable-libquadmath --disable-libquadmath-support --disable-libstdcxx-verbose --with-gmp=/builds/idf/crosstool-NG/.build/HOST-aarch64-linux-gnu/riscv32-esp-elf/buildtools/complibs-host --with-mpfr=/builds/idf/crosstool-NG/.build/HOST-aarch64-linux-gnu/riscv32-esp-elf/buildtools/complibs-host --with-mpc=/builds/idf/crosstool-NG/.build/HOST-aarch64-linux-gnu/riscv32-esp-elf/buildtools/complibs-host --with-isl=/builds/idf/crosstool-NG/.build/HOST-aarch64-linux-gnu/riscv32-esp-elf/buildtools/complibs-host --enable-lto --enable-target-optspace --without-long-double-128 --disable-nls --enable-multiarch --enable-languages=c,c++ --disable-libstdcxx-verbose --enable-threads=posix --enable-gcov-custom-rtio --enable-libstdcxx-time=yes
Thread model: posix
Supported LTO compression algorithms: zlib zstd
gcc version 13.2.0 (crosstool-NG esp-13.2.0_20240530) 
COMPILER_PATH=/home/phill/.espressif/tools/riscv32-esp-elf/esp-13.2.0_20240530/riscv32-esp-elf/bin/../libexec/gcc/riscv32-esp-elf/13.2.0/:/home/phill/.espressif/tools/riscv32-esp-elf/esp-13.2.0_20240530/riscv32-esp-elf/bin/../libexec/gcc/:/home/phill/.espressif/tools/riscv32-esp-elf/esp-13.2.0_20240530/riscv32-esp-elf/bin/../lib/gcc/riscv32-esp-elf/13.2.0/../../../../riscv32-esp-elf/bin/
LIBRARY_PATH=/home/phill/.espressif/tools/riscv32-esp-elf/esp-13.2.0_20240530/riscv32-esp-elf/bin/../lib/gcc/riscv32-esp-elf/13.2.0/rv32imafc_zicsr_zifencei/ilp32f/:/home/phill/.espressif/tools/riscv32-esp-elf/esp-13.2.0_20240530/riscv32-esp-elf/bin/../lib/gcc/riscv32-esp-elf/13.2.0/../../../../riscv32-esp-elf/lib/rv32imafc_zicsr_zifencei/ilp32f/:/home/phill/.espressif/tools/riscv32-esp-elf/esp-13.2.0_20240530/riscv32-esp-elf/bin/../riscv32-esp-elf/lib/rv32imafc_zicsr_zifencei/ilp32f/:/home/phill/.espressif/tools/riscv32-esp-elf/esp-13.2.0_20240530/riscv32-esp-elf/bin/../lib/gcc/riscv32-esp-elf/13.2.0/:/home/phill/.espressif/tools/riscv32-esp-elf/esp-13.2.0_20240530/riscv32-esp-elf/bin/../lib/gcc/:/home/phill/.espressif/tools/riscv32-esp-elf/esp-13.2.0_20240530/riscv32-esp-elf/bin/../lib/gcc/riscv32-esp-elf/13.2.0/../../../../riscv32-esp-elf/lib/:/home/phill/.espressif/tools/riscv32-esp-elf/esp-13.2.0_20240530/riscv32-esp-elf/bin/../riscv32-esp-elf/lib/:/home/phill/.espressif/tools/riscv32-esp-elf/esp-13.2.0_20240530/riscv32-esp-elf/bin/../riscv32-esp-elf/usr/lib/
COLLECT_GCC_OPTIONS='-nostartfiles' '-march=rv32imafc_zicsr_zifencei_xesppie' '-mabi=ilp32f' '-specs=nosys.specs' '-v' '-o' 'cmTC_f352e' '-misa-spec=20191213' '-march=rv32imafc_zicsr_zifencei_xesppie' '-dumpdir' 'cmTC_f352e.'
 /home/phill/.espressif/tools/riscv32-esp-elf/esp-13.2.0_20240530/riscv32-esp-elf/bin/../libexec/gcc/riscv32-esp-elf/13.2.0/collect2 -plugin /home/phill/.espressif/tools/riscv32-esp-elf/esp-13.2.0_20240530/riscv32-esp-elf/bin/../libexec/gcc/riscv32-esp-elf/13.2.0/liblto_plugin.so -plugin-opt=/home/phill/.espressif/tools/riscv32-esp-elf/esp-13.2.0_20240530/riscv32-esp-elf/bin/../libexec/gcc/riscv32-esp-elf/13.2.0/lto-wrapper -plugin-opt=-fresolution=/tmp/cchzS8ap.res -plugin-opt=-pass-through=-lgcc -plugin-opt=-pass-through=-lc -plugin-opt=-pass-through=-lnosys -plugin-opt=-pass-through=-lc -plugin-opt=-pass-through=-lgcc -plugin-opt=-pass-through=-lgcc -plugin-opt=-pass-through=-lc -plugin-opt=-pass-through=-lnosys --sysroot=/home/phill/.espressif/tools/riscv32-esp-elf/esp-13.2.0_20240530/riscv32-esp-elf/bin/../riscv32-esp-elf -melf32lriscv -o cmTC_f352e -L/home/phill/.espressif/tools/riscv32-esp-elf/esp-13.2.0_20240530/riscv32-esp-elf/bin/../lib/gcc/riscv32-esp-elf/13.2.0/rv32imafc_zicsr_zifencei/ilp32f -L/home/phill/.espressif/tools/riscv32-esp-elf/esp-13.2.0_20240530/riscv32-esp-elf/bin/../lib/gcc/riscv32-esp-elf/13.2.0/../../../../riscv32-esp-elf/lib/rv32imafc_zicsr_zifencei/ilp32f -L/home/phill/.espressif/tools/riscv32-esp-elf/esp-13.2.0_20240530/riscv32-esp-elf/bin/../riscv32-esp-elf/lib/rv32imafc_zicsr_zifencei/ilp32f -L/home/phill/.espressif/tools/riscv32-esp-elf/esp-13.2.0_20240530/riscv32-esp-elf/bin/../lib/gcc/riscv32-esp-elf/13.2.0 -L/home/phill/.espressif/tools/riscv32-esp-elf/esp-13.2.0_20240530/riscv32-esp-elf/bin/../lib/gcc -L/home/phill/.espressif/tools/riscv32-esp-elf/esp-13.2.0_20240530/riscv32-esp-elf/bin/../lib/gcc/riscv32-esp-elf/13.2.0/../../../../riscv32-esp-elf/lib -L/home/phill/.espressif/tools/riscv32-esp-elf/esp-13.2.0_20240530/riscv32-esp-elf/bin/../riscv32-esp-elf/lib -L/home/phill/.espressif/tools/riscv32-esp-elf/esp-13.2.0_20240530/riscv32-esp-elf/bin/../riscv32-esp-elf/usr/lib CMakeFiles/cmTC_f352e.dir/CMakeCCompilerABI.c.obj -lgcc -lc -lnosys -lc -lgcc --start-group -lgcc -lc -lnosys --end-group
/home/phill/.espressif/tools/riscv32-esp-elf/esp-13.2.0_20240530/riscv32-esp-elf/bin/../lib/gcc/riscv32-esp-elf/13.2.0/../../../../riscv32-esp-elf/bin/ld: warning: cannot find entry symbol _start; defaulting to 00010074
COLLECT_GCC_OPTIONS='-nostartfiles' '-march=rv32imafc_zicsr_zifencei_xesppie' '-mabi=ilp32f' '-specs=nosys.specs' '-v' '-o' 'cmTC_f352e' '-misa-spec=20191213' '-march=rv32imafc_zicsr_zifencei_xesppie' '-dumpdir' 'cmTC_f352e.'
gmake[1]: Leaving directory '/home/phill/wyEspAgentPay/example/build/CMakeFiles/CMakeTmp'



Parsed C implicit include dir info from above output: rv=done
  found start of include info
  found start of implicit include info
    add: [/home/phill/.espressif/tools/riscv32-esp-elf/esp-13.2.0_20240530/riscv32-esp-elf/bin/../lib/gcc/riscv32-esp-elf/13.2.0/include]
    add: [/home/phill/.espressif/tools/riscv32-esp-elf/esp-13.2.0_20240530/riscv32-esp-elf/bin/../lib/gcc/riscv32-esp-elf/13.2.0/include-fixed]
    add: [/home/phill/.espressif/tools/riscv32-esp-elf/esp-13.2.0_20240530/riscv32-esp-elf/bin/../lib/gcc/riscv32-esp-elf/13.2.0/../../../../riscv32-esp-elf/include]
  end of search list found
  collapse include dir [/home/phill/.espressif/tools/riscv32-esp-elf/esp-13.2.0_20240530/riscv32-esp-elf/bin/../lib/gcc/riscv32-esp-elf/13.2.0/include] ==> [/home/phill/.espressif/tools/riscv32-esp-elf/esp-13.2.0_20240530/riscv32-esp-elf/lib/gcc/riscv32-esp-elf/13.2.0/include]
  collapse include dir [/home/phill/.espressif/tools/riscv32-esp-elf/esp-13.2.0_20240530/riscv32-esp-elf/bin/../lib/gcc/riscv32-esp-elf/13.2.0/include-fixed] ==> [/home/phill/.espressif/tools/riscv32-esp-elf/esp-13.2.0_20240530/riscv32-esp-elf/lib/gcc/riscv32-esp-elf/13.2.0/include-fixed]
  collapse include dir [/home/phill/.espressif/tools/riscv32-esp-elf/esp-13.2.0_20240530/riscv32-esp-elf/bin/../lib/gcc/riscv32-esp-elf/13.2.0/../../../../riscv32-esp-elf/include] ==> [/home/phill/.espressif/tools/riscv32-esp-elf/esp-13.2.0_20240530/riscv32-esp-elf/riscv32-esp-elf/include]
  implicit include dirs: [/home/phill/.espressif/tools/riscv32-esp-elf/esp-13.2.0_20240530/riscv32-esp-elf/lib/gcc/riscv32-esp-elf/13.2.0/include;/home/phill/.espressif/tools/riscv32-esp-elf/esp-13.2.0_20240530/riscv32-esp-elf/lib/gcc/riscv32-esp-elf/13.2.0/include-fixed;/home/phill/.espressif/tools/riscv32-esp-elf/esp-13.2.0_20240530/riscv32-esp-elf/riscv32-esp-elf/include]


Parsed C implicit link information from above output:
  link line regex: [^( *|.*[/\])(riscv32-esp-elf-ld|CMAKE_LINK_STARTFILE-NOTFOUND|([^/\]+-)?ld|collect2)[^/\]*( |$)]
  ignore line: [Change Dir: /home/phill/wyEspAgentPay/example/build/CMakeFiles/CMakeTmp]
  ignore line: []
  ignore line: [Run Build Command(s):/usr/bin/gmake -f Makefile cmTC_f352e/fast && /usr/bin/gmake  -f CMakeFiles/cmTC_f352e.dir/build.make CMakeFiles/cmTC_f352e.dir/build]
  ignore line: [gmake[1]: Entering directory '/home/phill/wyEspAgentPay/example/build/CMakeFiles/CMakeTmp']
  ignore line: [Building C object CMakeFiles/cmTC_f352e.dir/CMakeCCompilerABI.c.obj]
  ignore line: [/home/phill/.espressif/tools/riscv32-esp-elf/esp-13.2.0_20240530/riscv32-esp-elf/bin/riscv32-esp-elf-gcc   -march=rv32imafc_zicsr_zifencei_xesppie -mabi=ilp32f     -v -o CMakeFiles/cmTC_f352e.dir/CMakeCCompilerABI.c.obj -c /usr/share/cmake-3.22/Modules/CMakeCCompilerABI.c]
  ignore line: [Using built-in specs.]
  ignore line: [COLLECT_GCC=/home/phill/.espressif/tools/riscv32-esp-elf/esp-13.2.0_20240530/riscv32-esp-elf/bin/riscv32-esp-elf-gcc]
  ignore line: [Target: riscv32-esp-elf]
  ignore line: [Configured with: /builds/idf/crosstool-NG/.build/HOST-aarch64-linux-gnu/riscv32-esp-elf/src/gcc/configure --build=x86_64-build_pc-linux-gnu --host=aarch64-host_unknown-linux-gnu --target=riscv32-esp-elf --prefix=/builds/idf/crosstool-NG/builds/riscv32-esp-elf --exec_prefix=/builds/idf/crosstool-NG/builds/riscv32-esp-elf --with-local-prefix=/builds/idf/crosstool-NG/builds/riscv32-esp-elf/riscv32-esp-elf --with-sysroot=/builds/idf/crosstool-NG/builds/riscv32-esp-elf/riscv32-esp-elf --with-native-system-header-dir=/include --with-newlib --enable-threads=no --disable-shared --with-arch=rv32gc --with-abi=ilp32 --with-pkgversion='crosstool-NG esp-13.2.0_20240530' --disable-__cxa_atexit --enable-cxx-flags=-ffunction-sections --disable-libgomp --disable-libmudflap --disable-libmpx --disable-libssp --disable-libquadmath --disable-libquadmath-support --disable-libstdcxx-verbose --with-gmp=/builds/idf/crosstool-NG/.build/HOST-aarch64-linux-gnu/riscv32-esp-elf/buildtools/complibs-host --with-mpfr=/builds/idf/crosstool-NG/.build/HOST-aarch64-linux-gnu/riscv32-esp-elf/buildtools/complibs-host --with-mpc=/builds/idf/crosstool-NG/.build/HOST-aarch64-linux-gnu/riscv32-esp-elf/buildtools/complibs-host --with-isl=/builds/idf/crosstool-NG/.build/HOST-aarch64-linux-gnu/riscv32-esp-elf/buildtools/complibs-host --enable-lto --enable-target-optspace --without-long-double-128 --disable-nls --enable-multiarch --enable-languages=c c++ --disable-libstdcxx-verbose --enable-threads=posix --enable-gcov-custom-rtio --enable-libstdcxx-time=yes]
  ignore line: [Thread model: posix]
  ignore line: [Supported LTO compression algorithms: zlib zstd]
  ignore line: [gcc version 13.2.0 (crosstool-NG esp-13.2.0_20240530) ]
  ignore line: [COLLECT_GCC_OPTIONS='-march=rv32imafc_zicsr_zifencei_xesppie' '-mabi=ilp32f' '-v' '-o' 'CMakeFiles/cmTC_f352e.dir/CMakeCCompilerABI.c.obj' '-c' '-misa-spec=20191213' '-march=rv32imafc_zicsr_zifencei_xesppie' '-dumpdir' 'CMakeFiles/cmTC_f352e.dir/']
  ignore line: [ /home/phill/.espressif/tools/riscv32-esp-elf/esp-13.2.0_20240530/riscv32-esp-elf/bin/../libexec/gcc/riscv32-esp-elf/13.2.0/cc1 -quiet -v -imultilib rv32imafc_zicsr_zifencei/ilp32f -iprefix /home/phill/.espressif/tools/riscv32-esp-elf/esp-13.2.0_20240530/riscv32-esp-elf/bin/../lib/gcc/riscv32-esp-elf/13.2.0/ -isysroot /home/phill/.espressif/tools/riscv32-esp-elf/esp-13.2.0_20240530/riscv32-esp-elf/bin/../riscv32-esp-elf /usr/share/cmake-3.22/Modules/CMakeCCompilerABI.c -quiet -dumpdir CMakeFiles/cmTC_f352e.dir/ -dumpbase CMakeCCompilerABI.c.c -dumpbase-ext .c -march=rv32imafc_zicsr_zifencei_xesppie -mabi=ilp32f -misa-spec=20191213 -march=rv32imafc_zicsr_zifencei_xesppie -version -o /tmp/ccxPWgS1.s]
  ignore line: [GNU C17 (crosstool-NG esp-13.2.0_20240530) version 13.2.0 (riscv32-esp-elf)]
  ignore line: [	compiled by GNU C version 6.3.0 20170516  GMP version 6.2.1  MPFR version 4.2.1  MPC version 1.2.1  isl version isl-0.26-GMP]
  ignore line: []
  ignore line: [GGC heuristics: --param ggc-min-expand=100 --param ggc-min-heapsize=131072]
  ignore line: [ignoring duplicate directory "/home/phill/.espressif/tools/riscv32-esp-elf/esp-13.2.0_20240530/riscv32-esp-elf/bin/../lib/gcc/../../lib/gcc/riscv32-esp-elf/13.2.0/include"]
  ignore line: [ignoring nonexistent directory "/home/phill/.espressif/tools/riscv32-esp-elf/esp-13.2.0_20240530/riscv32-esp-elf/bin/../riscv32-esp-elf/builds/idf/crosstool-NG/builds/riscv32-esp-elf/riscv32-esp-elf/include"]
  ignore line: [ignoring duplicate directory "/home/phill/.espressif/tools/riscv32-esp-elf/esp-13.2.0_20240530/riscv32-esp-elf/bin/../lib/gcc/../../lib/gcc/riscv32-esp-elf/13.2.0/include-fixed"]
  ignore line: [ignoring duplicate directory "/home/phill/.espressif/tools/riscv32-esp-elf/esp-13.2.0_20240530/riscv32-esp-elf/bin/../lib/gcc/../../lib/gcc/riscv32-esp-elf/13.2.0/../../../../riscv32-esp-elf/include"]
  ignore line: [ignoring duplicate directory "/home/phill/.espressif/tools/riscv32-esp-elf/esp-13.2.0_20240530/riscv32-esp-elf/bin/../riscv32-esp-elf/include"]
  ignore line: [#include "..." search starts here:]
  ignore line: [#include <...> search starts here:]
  ignore line: [ /home/phill/.espressif/tools/riscv32-esp-elf/esp-13.2.0_20240530/riscv32-esp-elf/bin/../lib/gcc/riscv32-esp-elf/13.2.0/include]
  ignore line: [ /home/phill/.espressif/tools/riscv32-esp-elf/esp-13.2.0_20240530/riscv32-esp-elf/bin/../lib/gcc/riscv32-esp-elf/13.2.0/include-fixed]
  ignore line: [ /home/phill/.espressif/tools/riscv32-esp-elf/esp-13.2.0_20240530/riscv32-esp-elf/bin/../lib/gcc/riscv32-esp-elf/13.2.0/../../../../riscv32-esp-elf/include]
  ignore line: [End of search list.]
  ignore line: [Compiler executable checksum: 42457704b0c50327ce1b97c71567cc04]
  ignore line: [COLLECT_GCC_OPTIONS='-march=rv32imafc_zicsr_zifencei_xesppie' '-mabi=ilp32f' '-v' '-o' 'CMakeFiles/cmTC_f352e.dir/CMakeCCompilerABI.c.obj' '-c' '-misa-spec=20191213' '-march=rv32imafc_zicsr_zifencei_xesppie' '-dumpdir' 'CMakeFiles/cmTC_f352e.dir/']
  ignore line: [ /home/phill/.espressif/tools/riscv32-esp-elf/esp-13.2.0_20240530/riscv32-esp-elf/bin/../lib/gcc/riscv32-esp-elf/13.2.0/../../../../riscv32-esp-elf/bin/as -v --traditional-format -march=rv32imafc_zicsr_zifencei_xesppie -march=rv32imafc_zicsr_zifencei_xesppie -mabi=ilp32f -misa-spec=20191213 -o CMakeFiles/cmTC_f352e.dir/CMakeCCompilerABI.c.obj /tmp/ccxPWgS1.s]
  ignore line: [GNU assembler version 2.41 (riscv32-esp-elf) using BFD version (crosstool-NG esp-13.2.0_20240530) 2.41]
  ignore line: [COMPILER_PATH=/home/phill/.espressif/tools/riscv32-esp-elf/esp-13.2.0_20240530/riscv32-esp-elf/bin/../libexec/gcc/riscv32-esp-elf/13.2.0/:/home/phill/.espressif/tools/riscv32-esp-elf/esp-13.2.0_20240530/riscv32-esp-elf/bin/../libexec/gcc/:/home/phill/.espressif/tools/riscv32-esp-elf/esp-13.2.0_20240530/riscv32-esp-elf/bin/../lib/gcc/riscv32-esp-elf/13.2.0/../../../../riscv32-esp-elf/bin/]
  ignore line: [LIBRARY_PATH=/home/phill/.espressif/tools/riscv32-esp-elf/esp-13.2.0_20240530/riscv32-esp-elf/bin/../lib/gcc/riscv32-esp-elf/13.2.0/rv32imafc_zicsr_zifencei/ilp32f/:/home/phill/.espressif/tools/riscv32-esp-elf/esp-13.2.0_20240530/riscv32-esp-elf/bin/../lib/gcc/riscv32-esp-elf/13.2.0/../../../../riscv32-esp-elf/lib/rv32imafc_zicsr_zifencei/ilp32f/:/home/phill/.espressif/tools/riscv32-esp-elf/esp-13.2.0_20240530/riscv32-esp-elf/bin/../riscv32-esp-elf/lib/rv32imafc_zicsr_zifencei/ilp32f/:/home/phill/.espressif/tools/riscv32-esp-elf/esp-13.2.0_20240530/riscv32-esp-elf/bin/../lib/gcc/riscv32-esp-elf/13.2.0/:/home/phill/.espressif/tools/riscv32-esp-elf/esp-13.2.0_20240530/riscv32-esp-elf/bin/../lib/gcc/:/home/phill/.espressif/tools/riscv32-esp-elf/esp-13.2.0_20240530/riscv32-esp-elf/bin/../lib/gcc/riscv32-esp-elf/13.2.0/../../../../riscv32-esp-elf/lib/:/home/phill/.espressif/tools/riscv32-esp-elf/esp-13.2.0_20240530/riscv32-esp-elf/bin/../riscv32-esp-elf/lib/:/home/phill/.espressif/tools/riscv32-esp-elf/esp-13.2.0_20240530/riscv32-esp-elf/bin/../riscv32-esp-elf/usr/lib/]
  ignore line: [COLLECT_GCC_OPTIONS='-march=rv32imafc_zicsr_zifencei_xesppie' '-mabi=ilp32f' '-v' '-o' 'CMakeFiles/cmTC_f352e.dir/CMakeCCompilerABI.c.obj' '-c' '-misa-spec=20191213' '-march=rv32imafc_zicsr_zifencei_xesppie' '-dumpdir' 'CMakeFiles/cmTC_f352e.dir/CMakeCCompilerABI.c.']
  ignore line: [Linking C executable cmTC_f352e]
  ignore line: [/usr/bin/cmake -E cmake_link_script CMakeFiles/cmTC_f352e.dir/link.txt --verbose=1]
  ignore line: [/home/phill/.espressif/tools/riscv32-esp-elf/esp-13.2.0_20240530/riscv32-esp-elf/bin/riscv32-esp-elf-gcc -march=rv32imafc_zicsr_zifencei_xesppie -mabi=ilp32f   -nostartfiles -march=rv32imafc_zicsr_zifencei_xesppie -mabi=ilp32f --specs=nosys.specs  -v CMakeFiles/cmTC_f352e.dir/CMakeCCompilerABI.c.obj -o cmTC_f352e ]
  ignore line: [Using built-in specs.]
  ignore line: [Reading specs from /home/phill/.espressif/tools/riscv32-esp-elf/esp-13.2.0_20240530/riscv32-esp-elf/bin/../lib/gcc/riscv32-esp-elf/13.2.0/../../../../riscv32-esp-elf/lib/nosys.specs]
  ignore line: [rename spec link_gcc_c_sequence to nosys_link_gcc_c_sequence]
  ignore line: [COLLECT_GCC=/home/phill/.espressif/tools/riscv32-esp-elf/esp-13.2.0_20240530/riscv32-esp-elf/bin/riscv32-esp-elf-gcc]
  ignore line: [COLLECT_LTO_WRAPPER=/home/phill/.espressif/tools/riscv32-esp-elf/esp-13.2.0_20240530/riscv32-esp-elf/bin/../libexec/gcc/riscv32-esp-elf/13.2.0/lto-wrapper]
  ignore line: [Target: riscv32-esp-elf]
  ignore line: [Configured with: /builds/idf/crosstool-NG/.build/HOST-aarch64-linux-gnu/riscv32-esp-elf/src/gcc/configure --build=x86_64-build_pc-linux-gnu --host=aarch64-host_unknown-linux-gnu --target=riscv32-esp-elf --prefix=/builds/idf/crosstool-NG/builds/riscv32-esp-elf --exec_prefix=/builds/idf/crosstool-NG/builds/riscv32-esp-elf --with-local-prefix=/builds/idf/crosstool-NG/builds/riscv32-esp-elf/riscv32-esp-elf --with-sysroot=/builds/idf/crosstool-NG/builds/riscv32-esp-elf/riscv32-esp-elf --with-native-system-header-dir=/include --with-newlib --enable-threads=no --disable-shared --with-arch=rv32gc --with-abi=ilp32 --with-pkgversion='crosstool-NG esp-13.2.0_20240530' --disable-__cxa_atexit --enable-cxx-flags=-ffunction-sections --disable-libgomp --disable-libmudflap --disable-libmpx --disable-libssp --disable-libquadmath --disable-libquadmath-support --disable-libstdcxx-verbose --with-gmp=/builds/idf/crosstool-NG/.build/HOST-aarch64-linux-gnu/riscv32-esp-elf/buildtools/complibs-host --with-mpfr=/builds/idf/crosstool-NG/.build/HOST-aarch64-linux-gnu/riscv32-esp-elf/buildtools/complibs-host --with-mpc=/builds/idf/crosstool-NG/.build/HOST-aarch64-linux-gnu/riscv32-esp-elf/buildtools/complibs-host --with-isl=/builds/idf/crosstool-NG/.build/HOST-aarch64-linux-gnu/riscv32-esp-elf/buildtools/complibs-host --enable-lto --enable-target-optspace --without-long-double-128 --disable-nls --enable-multiarch --enable-languages=c c++ --disable-libstdcxx-verbose --enable-threads=posix --enable-gcov-custom-rtio --enable-libstdcxx-time=yes]
  ignore line: [Thread model: posix]
  ignore line: [Supported LTO compression algorithms: zlib zstd]
  ignore line: [gcc version 13.2.0 (crosstool-NG esp-13.2.0_20240530) ]
  ignore line: [COMPILER_PATH=/home/phill/.espressif/tools/riscv32-esp-elf/esp-13.2.0_20240530/riscv32-esp-elf/bin/../libexec/gcc/riscv32-esp-elf/13.2.0/:/home/phill/.espressif/tools/riscv32-esp-elf/esp-13.2.0_20240530/riscv32-esp-elf/bin/../libexec/gcc/:/home/phill/.espressif/tools/riscv32-esp-elf/esp-13.2.0_20240530/riscv32-esp-elf/bin/../lib/gcc/riscv32-esp-elf/13.2.0/../../../../riscv32-esp-elf/bin/]
  ignore line: [LIBRARY_PATH=/home/phill/.espressif/tools/riscv32-esp-elf/esp-13.2.0_20240530/riscv32-esp-elf/bin/../lib/gcc/riscv32-esp-elf/13.2.0/rv32imafc_zicsr_zifencei/ilp32f/:/home/phill/.espressif/tools/riscv32-esp-elf/esp-13.2.0_20240530/riscv32-esp-elf/bin/../lib/gcc/riscv32-esp-elf/13.2.0/../../../../riscv32-esp-elf/lib/rv32imafc_zicsr_zifencei/ilp32f/:/home/phill/.espressif/tools/riscv32-esp-elf/esp-13.2.0_20240530/riscv32-esp-elf/bin/../riscv32-esp-elf/lib/rv32imafc_zicsr_zifencei/ilp32f/:/home/phill/.espressif/tools/riscv32-esp-elf/esp-13.2.0_20240530/riscv32-esp-elf/bin/../lib/gcc/riscv32-esp-elf/13.2.0/:/home/phill/.espressif/tools/riscv32-esp-elf/esp-13.2.0_20240530/riscv32-esp-elf/bin/../lib/gcc/:/home/phill/.espressif/tools/riscv32-esp-elf/esp-13.2.0_20240530/riscv32-esp-elf/bin/../lib/gcc/riscv32-esp-elf/13.2.0/../../../../riscv32-esp-elf/lib/:/home/phill/.espressif/tools/riscv32-esp-elf/esp-13.2.0_20240530/riscv32-esp-elf/bin/../riscv32-esp-elf/lib/:/home/phill/.espressif/tools/riscv32-esp-elf/esp-13.2.0_20240530/riscv32-esp-elf/bin/../riscv32-esp-elf/usr/lib/]
  ignore line: [COLLECT_GCC_OPTIONS='-nostartfiles' '-march=rv32imafc_zicsr_zifencei_xesppie' '-mabi=ilp32f' '-specs=nosys.specs' '-v' '-o' 'cmTC_f352e' '-misa-spec=20191213' '-march=rv32imafc_zicsr_zifencei_xesppie' '-dumpdir' 'cmTC_f352e.']
  link line: [ /home/phill/.espressif/tools/riscv32-esp-elf/esp-13.2.0_20240530/riscv32-esp-elf/bin/../libexec/gcc/riscv32-esp-elf/13.2.0/collect2 -plugin /home/phill/.espressif/tools/riscv32-esp-elf/esp-13.2.0_20240530/riscv32-esp-elf/bin/../libexec/gcc/riscv32-esp-elf/13.2.0/liblto_plugin.so -plugin-opt=/home/phill/.espressif/tools/riscv32-esp-elf/esp-13.2.0_20240530/riscv32-esp-elf/bin/../libexec/gcc/riscv32-esp-elf/13.2.0/lto-wrapper -plugin-opt=-fresolution=/tmp/cchzS8ap.res -plugin-opt=-pass-through=-lgcc -plugin-opt=-pass-through=-lc -plugin-opt=-pass-through=-lnosys -plugin-opt=-pass-through=-lc -plugin-opt=-pass-through=-lgcc -plugin-opt=-pass-through=-lgcc -plugin-opt=-pass-through=-lc -plugin-opt=-pass-through=-lnosys --sysroot=/home/phill/.espressif/tools/riscv32-esp-elf/esp-13.2.0_20240530/riscv32-esp-elf/bin/../riscv32-esp-elf -melf32lriscv -o cmTC_f352e -L/home/phill/.espressif/tools/riscv32-esp-elf/esp-13.2.0_20240530/riscv32-esp-elf/bin/../lib/gcc/riscv32-esp-elf/13.2.0/rv32imafc_zicsr_zifencei/ilp32f -L/home/phill/.espressif/tools/riscv32-esp-elf/esp-13.2.0_20240530/riscv32-esp-elf/bin/../lib/gcc/riscv32-esp-elf/13.2.0/../../../../riscv32-esp-elf/lib/rv32imafc_zicsr_zifencei/ilp32f -L/home/phill/.espressif/tools/riscv32-esp-elf/esp-13.2.0_20240530/riscv32-esp-elf/bin/../riscv32-esp-elf/lib/rv32imafc_zicsr_zifencei/ilp32f -L/home/phill/.espressif/tools/riscv32-esp-elf/esp-13.2.0_20240530/riscv32-esp-elf/bin/../lib/gcc/riscv32-esp-elf/13.2.0 -L/home/phill/.espressif/tools/riscv32-esp-elf/esp-13.2.0_20240530/riscv32-esp-elf/bin/../lib/gcc -L/home/phill/.espressif/tools/riscv32-esp-elf/esp-13.2.0_20240530/riscv32-esp-elf/bin/../lib/gcc/riscv32-esp-elf/13.2.0/../../../../riscv32-esp-elf/lib -L/home/phill/.espressif/tools/riscv32-esp-elf/esp-13.2.0_20240530/riscv32-esp-elf/bin/../riscv32-esp-elf/lib -L/home/phill/.espressif/tools/riscv32-esp-elf/esp-13.2.0_20240530/riscv32-esp-elf/bin/../riscv32-esp-elf/usr/lib CMakeFiles/cmTC_f352e.dir/CMakeCCompilerABI.c.obj -lgcc -lc -lnosys -lc -lgcc --start-group -lgcc -lc -lnosys --end-group]
    arg [/home/phill/.espressif/tools/riscv32-esp-elf/esp-13.2.0_20240530/riscv32-esp-elf/bin/../libexec/gcc/riscv32-esp-elf/13.2.0/collect2] ==> ignore
    arg [-plugin] ==> ignore
    arg [/home/phill/.espressif/tools/riscv32-esp-elf/esp-13.2.0_20240530/riscv32-esp-elf/bin/../libexec/gcc/riscv32-esp-elf/13.2.0/liblto_plugin.so] ==> ignore
    arg [-plugin-opt=/home/phill/.espressif/tools/riscv32-esp-elf/esp-13.2.0_20240530/riscv32-esp-elf/bin/../libexec/gcc/riscv32-esp-elf/13.2.0/lto-wrapper] ==> ignore
    arg [-plugin-opt=-fresolution=/tmp/cchzS8ap.res] ==> ignore
    arg [-plugin-opt=-pass-through=-lgcc] ==> ignore
    arg [-plugin-opt=-pass-through=-lc] ==> ignore
    arg [-plugin-opt=-pass-through=-lnosys] ==> ignore
    arg [-plugin-opt=-pass-through=-lc] ==> ignore
    arg [-plugin-opt=-pass-through=-lgcc] ==> ignore
    arg [-plugin-opt=-pass-through=-lgcc] ==> ignore
    arg [-plugin-opt=-pass-through=-lc] ==> ignore
    arg [-plugin-opt=-pass-through=-lnosys] ==> ignore
    arg [--sysroot=/home/phill/.espressif/tools/riscv32-esp-elf/esp-13.2.0_20240530/riscv32-esp-elf/bin/../riscv32-esp-elf] ==> ignore
    arg [-melf32lriscv] ==> ignore
    arg [-o] ==> ignore
    arg [cmTC_f352e] ==> ignore
    arg [-L/home/phill/.espressif/tools/riscv32-esp-elf/esp-13.2.0_20240530/riscv32-esp-elf/bin/../lib/gcc/riscv32-esp-elf/13.2.0/rv32imafc_zicsr_zifencei/ilp32f] ==> dir [/home/phill/.espressif/tools/riscv32-esp-elf/esp-13.2.0_20240530/riscv32-esp-elf/bin/../lib/gcc/riscv32-esp-elf/13.2.0/rv32imafc_zicsr_zifencei/ilp32f]
    arg [-L/home/phill/.espressif/tools/riscv32-esp-elf/esp-13.2.0_20240530/riscv32-esp-elf/bin/../lib/gcc/riscv32-esp-elf/13.2.0/../../../../riscv32-esp-elf/lib/rv32imafc_zicsr_zifencei/ilp32f] ==> dir [/home/phill/.espressif/tools/riscv32-esp-elf/esp-13.2.0_20240530/riscv32-esp-elf/bin/../lib/gcc/riscv32-esp-elf/13.2.0/../../../../riscv32-esp-elf/lib/rv32imafc_zicsr_zifencei/ilp32f]
    arg [-L/home/phill/.espressif/tools/riscv32-esp-elf/esp-13.2.0_20240530/riscv32-esp-elf/bin/../riscv32-esp-elf/lib/rv32imafc_zicsr_zifencei/ilp32f] ==> dir [/home/phill/.espressif/tools/riscv32-esp-elf/esp-13.2.0_20240530/riscv32-esp-elf/bin/../riscv32-esp-elf/lib/rv32imafc_zicsr_zifencei/ilp32f]
    arg [-L/home/phill/.espressif/tools/riscv32-esp-elf/esp-13.2.0_20240530/riscv32-esp-elf/bin/../lib/gcc/riscv32-esp-elf/13.2.0] ==> dir [/home/phill/.espressif/tools/riscv32-esp-elf/esp-13.2.0_20240530/riscv32-esp-elf/bin/../lib/gcc/riscv32-esp-elf/13.2.0]
    arg [-L/home/phill/.espressif/tools/riscv32-esp-elf/esp-13.2.0_20240530/riscv32-esp-elf/bin/../lib/gcc] ==> dir [/home/phill/.espressif/tools/riscv32-esp-elf/esp-13.2.0_20240530/riscv32-esp-elf/bin/../lib/gcc]
    arg [-L/home/phill/.espressif/tools/riscv32-esp-elf/esp-13.2.0_20240530/riscv32-esp-elf/bin/../lib/gcc/riscv32-esp-elf/13.2.0/../../../../riscv32-esp-elf/lib] ==> dir [/home/phill/.espressif/tools/riscv32-esp-elf/esp-13.2.0_20240530/riscv32-esp-elf/bin/../lib/gcc/riscv32-esp-elf/13.2.0/../../../../riscv32-esp-elf/lib]
    arg [-L/home/phill/.espressif/tools/riscv32-esp-elf/esp-13.2.0_20240530/riscv32-esp-elf/bin/../riscv32-esp-elf/lib] ==> dir [/home/phill/.espressif/tools/riscv32-esp-elf/esp-13.2.0_20240530/riscv32-esp-elf/bin/../riscv32-esp-elf/lib]
    arg [-L/home/phill/.espressif/tools/riscv32-esp-elf/esp-13.2.0_20240530/riscv32-esp-elf/bin/../riscv32-esp-elf/usr/lib] ==> dir [/home/phill/.espressif/tools/riscv32-esp-elf/esp-13.2.0_20240530/riscv32-esp-elf/bin/../riscv32-esp-elf/usr/lib]
    arg [CMakeFiles/cmTC_f352e.dir/CMakeCCompilerABI.c.obj] ==> ignore
    arg [-lgcc] ==> lib [gcc]
    arg [-lc] ==> lib [c]
    arg [-lnosys] ==> lib [nosys]
    arg [-lc] ==> lib [c]
    arg [-lgcc] ==> lib [gcc]
    arg [--start-group] ==> ignore
    arg [-lgcc] ==> lib [gcc]
    arg [-lc] ==> lib [c]
    arg [-lnosys] ==> lib [nosys]
    arg [--end-group] ==> ignore
  collapse library dir [/home/phill/.espressif/tools/riscv32-esp-elf/esp-13.2.0_20240530/riscv32-esp-elf/bin/../lib/gcc/riscv32-esp-elf/13.2.0/rv32imafc_zicsr_zifencei/ilp32f] ==> [/home/phill/.espressif/tools/riscv32-esp-elf/esp-13.2.0_20240530/riscv32-esp-elf/lib/gcc/riscv32-esp-elf/13.2.0/rv32imafc_zicsr_zifencei/ilp32f]
  collapse library dir [/home/phill/.espressif/tools/riscv32-esp-elf/esp-13.2.0_20240530/riscv32-esp-elf/bin/../lib/gcc/riscv32-esp-elf/13.2.0/../../../../riscv32-esp-elf/lib/rv32imafc_zicsr_zifencei/ilp32f] ==> [/home/phill/.espressif/tools/riscv32-esp-elf/esp-13.2.0_20240530/riscv32-esp-elf/riscv32-esp-elf/lib/rv32imafc_zicsr_zifencei/ilp32f]
  collapse library dir [/home/phill/.espressif/tools/riscv32-esp-elf/esp-13.2.0_20240530/riscv32-esp-elf/bin/../riscv32-esp-elf/lib/rv32imafc_zicsr_zifencei/ilp32f] ==> [/home/phill/.espressif/tools/riscv32-esp-elf/esp-13.2.0_20240530/riscv32-esp-elf/riscv32-esp-elf/lib/rv32imafc_zicsr_zifencei/ilp32f]
  collapse library dir [/home/phill/.espressif/tools/riscv32-esp-elf/esp-13.2.0_20240530/riscv32-esp-elf/bin/../lib/gcc/riscv32-esp-elf/13.2.0] ==> [/home/phill/.espressif/tools/riscv32-esp-elf/esp-13.2.0_20240530/riscv32-esp-elf/lib/gcc/riscv32-esp-elf/13.2.0]
  collapse library dir [/home/phill/.espressif/tools/riscv32-esp-elf/esp-13.2.0_20240530/riscv32-esp-elf/bin/../lib/gcc] ==> [/home/phill/.espressif/tools/riscv32-esp-elf/esp-13.2.0_20240530/riscv32-esp-elf/lib/gcc]
  collapse library dir [/home/phill/.espressif/tools/riscv32-esp-elf/esp-13.2.0_20240530/riscv32-esp-elf/bin/../lib/gcc/riscv32-esp-elf/13.2.0/../../../../riscv32-esp-elf/lib] ==> [/home/phill/.espressif/tools/riscv32-esp-elf/esp-13.2.0_20240530/riscv32-esp-elf/riscv32-esp-elf/lib]
  collapse library dir [/home/phill/.espressif/tools/riscv32-esp-elf/esp-13.2.0_20240530/riscv32-esp-elf/bin/../riscv32-esp-elf/lib] ==> [/home/phill/.espressif/tools/riscv32-esp-elf/esp-13.2.0_20240530/riscv32-esp-elf/riscv32-esp-elf/lib]
  collapse library dir [/home/phill/.espressif/tools/riscv32-esp-elf/esp-13.2.0_20240530/riscv32-esp-elf/bin/../riscv32-esp-elf/usr/lib] ==> [/home/phill/.espressif/tools/riscv32-esp-elf/esp-13.2.0_20240530/riscv32-esp-elf/riscv32-esp-elf/usr/lib]
  implicit libs: [gcc;c;nosys;c;gcc;gcc;c;nosys]
  implicit objs: []
  implicit dirs: [/home/phill/.espressif/tools/riscv32-esp-elf/esp-13.2.0_20240530/riscv32-esp-elf/lib/gcc/riscv32-esp-elf/13.2.0/rv32imafc_zicsr_zifencei/ilp32f;/home/phill/.espressif/tools/riscv32-esp-elf/esp-13.2.0_20240530/riscv32-esp-elf/riscv32-esp-elf/lib/rv32imafc_zicsr_zifencei/ilp32f;/home/phill/.espressif/tools/riscv32-esp-elf/esp-13.2.0_20240530/riscv32-esp-elf/lib/gcc/riscv32-esp-elf/13.2.0;/home/phill/.espressif/tools/riscv32-esp-elf/esp-13.2.0_20240530/riscv32-esp-elf/lib/gcc;/home/phill/.espressif/tools/riscv32-esp-elf/esp-13.2.0_20240530/riscv32-esp-elf/riscv32-esp-elf/lib;/home/phill/.espressif/tools/riscv32-esp-elf/esp-13.2.0_20240530/riscv32-esp-elf/riscv32-esp-elf/usr/lib]
  implicit fwks: []


Detecting CXX compiler ABI info compiled with the following output:
Change Dir: /home/phill/wyEspAgentPay/example/build/CMakeFiles/CMakeTmp

Run Build Command(s):/usr/bin/gmake -f Makefile cmTC_84bc4/fast && /usr/bin/gmake  -f CMakeFiles/cmTC_84bc4.dir/build.make CMakeFiles/cmTC_84bc4.dir/build
gmake[1]: Entering directory '/home/phill/wyEspAgentPay/example/build/CMakeFiles/CMakeTmp'
Building CXX object CMakeFiles/cmTC_84bc4.dir/CMakeCXXCompilerABI.cpp.obj
/home/phill/.espressif/tools/riscv32-esp-elf/esp-13.2.0_20240530/riscv32-esp-elf/bin/riscv32-esp-elf-g++   -march=rv32imafc_zicsr_zifencei_xesppie -mabi=ilp32f     -v -o CMakeFiles/cmTC_84bc4.dir/CMakeCXXCompilerABI.cpp.obj -c /usr/share/cmake-3.22/Modules/CMakeCXXCompilerABI.cpp
Using built-in specs.
COLLECT_GCC=/home/phill/.espressif/tools/riscv32-esp-elf/esp-13.2.0_20240530/riscv32-esp-elf/bin/riscv32-esp-elf-g++
Target: riscv32-esp-elf
Configured with: /builds/idf/crosstool-NG/.build/HOST-aarch64-linux-gnu/riscv32-esp-elf/src/gcc/configure --build=x86_64-build_pc-linux-gnu --host=aarch64-host_unknown-linux-gnu --target=riscv32-esp-elf --prefix=/builds/idf/crosstool-NG/builds/riscv32-esp-elf --exec_prefix=/builds/idf/crosstool-NG/builds/riscv32-esp-elf --with-local-prefix=/builds/idf/crosstool-NG/builds/riscv32-esp-elf/riscv32-esp-elf --with-sysroot=/builds/idf/crosstool-NG/builds/riscv32-esp-elf/riscv32-esp-elf --with-native-system-header-dir=/include --with-newlib --enable-threads=no --disable-shared --with-arch=rv32gc --with-abi=ilp32 --with-pkgversion='crosstool-NG esp-13.2.0_20240530' --disable-__cxa_atexit --enable-cxx-flags=-ffunction-sections --disable-libgomp --disable-libmudflap --disable-libmpx --disable-libssp --disable-libquadmath --disable-libquadmath-support --disable-libstdcxx-verbose --with-gmp=/builds/idf/crosstool-NG/.build/HOST-aarch64-linux-gnu/riscv32-esp-elf/buildtools/complibs-host --with-mpfr=/builds/idf/crosstool-NG/.build/HOST-aarch64-linux-gnu/riscv32-esp-elf/buildtools/complibs-host --with-mpc=/builds/idf/crosstool-NG/.build/HOST-aarch64-linux-gnu/riscv32-esp-elf/buildtools/complibs-host --with-isl=/builds/idf/crosstool-NG/.build/HOST-aarch64-linux-gnu/riscv32-esp-elf/buildtools/complibs-host --enable-lto --enable-target-optspace --without-long-double-128 --disable-nls --enable-multiarch --enable-languages=c,c++ --disable-libstdcxx-verbose --enable-threads=posix --enable-gcov-custom-rtio --enable-libstdcxx-time=yes
Thread model: posix
Supported LTO compression algorithms: zlib zstd
gcc version 13.2.0 (crosstool-NG esp-13.2.0_20240530) 
COLLECT_GCC_OPTIONS='-march=rv32imafc_zicsr_zifencei_xesppie' '-mabi=ilp32f' '-v' '-o' 'CMakeFiles/cmTC_84bc4.dir/CMakeCXXCompilerABI.cpp.obj' '-c' '-misa-spec=20191213' '-march=rv32imafc_zicsr_zifencei_xesppie' '-dumpdir' 'CMakeFiles/cmTC_84bc4.dir/'
 /home/phill/.espressif/tools/riscv32-esp-elf/esp-13.2.0_20240530/riscv32-esp-elf/bin/../libexec/gcc/riscv32-esp-elf/13.2.0/cc1plus -quiet -v -imultilib rv32imafc_zicsr_zifencei/ilp32f -iprefix /home/phill/.espressif/tools/riscv32-esp-elf/esp-13.2.0_20240530/riscv32-esp-elf/bin/../lib/gcc/riscv32-esp-elf/13.2.0/ -isysroot /home/phill/.espressif/tools/riscv32-esp-elf/esp-13.2.0_20240530/riscv32-esp-elf/bin/../riscv32-esp-elf /usr/share/cmake-3.22/Modules/CMakeCXXCompilerABI.cpp -quiet -dumpdir CMakeFiles/cmTC_84bc4.dir/ -dumpbase CMakeCXXCompilerABI.cpp.cpp -dumpbase-ext .cpp -march=rv32imafc_zicsr_zifencei_xesppie -mabi=ilp32f -misa-spec=20191213 -march=rv32imafc_zicsr_zifencei_xesppie -version -o /tmp/ccT65Vet.s
GNU C++17 (crosstool-NG esp-13.2.0_20240530) version 13.2.0 (riscv32-esp-elf)
	compiled by GNU C version 6.3.0 20170516, GMP version 6.2.1, MPFR version 4.2.1, MPC version 1.2.1, isl version isl-0.26-GMP

GGC heuristics: --param ggc-min-expand=100 --param ggc-min-heapsize=131072
ignoring duplicate directory "/home/phill/.espressif/tools/riscv32-esp-elf/esp-13.2.0_20240530/riscv32-esp-elf/bin/../lib/gcc/../../lib/gcc/riscv32-esp-elf/13.2.0/../../../../riscv32-esp-elf/include/c++/13.2.0"
ignoring duplicate directory "/home/phill/.espressif/tools/riscv32-esp-elf/esp-13.2.0_20240530/riscv32-esp-elf/bin/../lib/gcc/../../lib/gcc/riscv32-esp-elf/13.2.0/../../../../riscv32-esp-elf/include/c++/13.2.0/riscv32-esp-elf/rv32imafc_zicsr_zifencei/ilp32f"
ignoring duplicate directory "/home/phill/.espressif/tools/riscv32-esp-elf/esp-13.2.0_20240530/riscv32-esp-elf/bin/../lib/gcc/../../lib/gcc/riscv32-esp-elf/13.2.0/../../../../riscv32-esp-elf/include/c++/13.2.0/backward"
ignoring duplicate directory "/home/phill/.espressif/tools/riscv32-esp-elf/esp-13.2.0_20240530/riscv32-esp-elf/bin/../lib/gcc/../../lib/gcc/riscv32-esp-elf/13.2.0/include"
ignoring nonexistent directory "/home/phill/.espressif/tools/riscv32-esp-elf/esp-13.2.0_20240530/riscv32-esp-elf/bin/../riscv32-esp-elf/builds/idf/crosstool-NG/builds/riscv32-esp-elf/riscv32-esp-elf/include"
ignoring duplicate directory "/home/phill/.espressif/tools/riscv32-esp-elf/esp-13.2.0_20240530/riscv32-esp-elf/bin/../lib/gcc/../../lib/gcc/riscv32-esp-elf/13.2.0/include-fixed"
ignoring duplicate directory "/home/phill/.espressif/tools/riscv32-esp-elf/esp-13.2.0_20240530/riscv32-esp-elf/bin/../lib/gcc/../../lib/gcc/riscv32-esp-elf/13.2.0/../../../../riscv32-esp-elf/include"
ignoring duplicate directory "/home/phill/.espressif/tools/riscv32-esp-elf/esp-13.2.0_20240530/riscv32-esp-elf/bin/../riscv32-esp-elf/include"
#include "..." search starts here:
#include <...> search starts here:
 /home/phill/.espressif/tools/riscv32-esp-elf/esp-13.2.0_20240530/riscv32-esp-elf/bin/../lib/gcc/riscv32-esp-elf/13.2.0/../../../../riscv32-esp-elf/include/c++/13.2.0
 /home/phill/.espressif/tools/riscv32-esp-elf/esp-13.2.0_20240530/riscv32-esp-elf/bin/../lib/gcc/riscv32-esp-elf/13.2.0/../../../../riscv32-esp-elf/include/c++/13.2.0/riscv32-esp-elf/rv32imafc_zicsr_zifencei/ilp32f
 /home/phill/.espressif/tools/riscv32-esp-elf/esp-13.2.0_20240530/riscv32-esp-elf/bin/../lib/gcc/riscv32-esp-elf/13.2.0/../../../../riscv32-esp-elf/include/c++/13.2.0/backward
 /home/phill/.espressif/tools/riscv32-esp-elf/esp-13.2.0_20240530/riscv32-esp-elf/bin/../lib/gcc/riscv32-esp-elf/13.2.0/include
 /home/phill/.espressif/tools/riscv32-esp-elf/esp-13.2.0_20240530/riscv32-esp-elf/bin/../lib/gcc/riscv32-esp-elf/13.2.0/include-fixed
 /home/phill/.espressif/tools/riscv32-esp-elf/esp-13.2.0_20240530/riscv32-esp-elf/bin/../lib/gcc/riscv32-esp-elf/13.2.0/../../../../riscv32-esp-elf/include
End of search list.
Compiler executable checksum: a7d8489793fb44cc22bf35c369a62157
COLLECT_GCC_OPTIONS='-march=rv32imafc_zicsr_zifencei_xesppie' '-mabi=ilp32f' '-v' '-o' 'CMakeFiles/cmTC_84bc4.dir/CMakeCXXCompilerABI.cpp.obj' '-c' '-misa-spec=20191213' '-march=rv32imafc_zicsr_zifencei_xesppie' '-dumpdir' 'CMakeFiles/cmTC_84bc4.dir/'
 /home/phill/.espressif/tools/riscv32-esp-elf/esp-13.2.0_20240530/riscv32-esp-elf/bin/../lib/gcc/riscv32-esp-elf/13.2.0/../../../../riscv32-esp-elf/bin/as -v --traditional-format -march=rv32imafc_zicsr_zifencei_xesppie -march=rv32imafc_zicsr_zifencei_xesppie -mabi=ilp32f -misa-spec=20191213 -o CMakeFiles/cmTC_84bc4.dir/CMakeCXXCompilerABI.cpp.obj /tmp/ccT65Vet.s
GNU assembler version 2.41 (riscv32-esp-elf) using BFD version (crosstool-NG esp-13.2.0_20240530) 2.41
COMPILER_PATH=/home/phill/.espressif/tools/riscv32-esp-elf/esp-13.2.0_20240530/riscv32-esp-elf/bin/../libexec/gcc/riscv32-esp-elf/13.2.0/:/home/phill/.espressif/tools/riscv32-esp-elf/esp-13.2.0_20240530/riscv32-esp-elf/bin/../libexec/gcc/:/home/phill/.espressif/tools/riscv32-esp-elf/esp-13.2.0_20240530/riscv32-esp-elf/bin/../lib/gcc/riscv32-esp-elf/13.2.0/../../../../riscv32-esp-elf/bin/
LIBRARY_PATH=/home/phill/.espressif/tools/riscv32-esp-elf/esp-13.2.0_20240530/riscv32-esp-elf/bin/../lib/gcc/riscv32-esp-elf/13.2.0/rv32imafc_zicsr_zifencei/ilp32f/:/home/phill/.espressif/tools/riscv32-esp-elf/esp-13.2.0_20240530/riscv32-esp-elf/bin/../lib/gcc/riscv32-esp-elf/13.2.0/../../../../riscv32-esp-elf/lib/rv32imafc_zicsr_zifencei/ilp32f/:/home/phill/.espressif/tools/riscv32-esp-elf/esp-13.2.0_20240530/riscv32-esp-elf/bin/../riscv32-esp-elf/lib/rv32imafc_zicsr_zifencei/ilp32f/:/home/phill/.espressif/tools/riscv32-esp-elf/esp-13.2.0_20240530/riscv32-esp-elf/bin/../lib/gcc/riscv32-esp-elf/13.2.0/:/home/phill/.espressif/tools/riscv32-esp-elf/esp-13.2.0_20240530/riscv32-esp-elf/bin/../lib/gcc/:/home/phill/.espressif/tools/riscv32-esp-elf/esp-13.2.0_20240530/riscv32-esp-elf/bin/../lib/gcc/riscv32-esp-elf/13.2.0/../../../../riscv32-esp-elf/lib/:/home/phill/.espressif/tools/riscv32-esp-elf/esp-13.2.0_20240530/riscv32-esp-elf/bin/../riscv32-esp-elf/lib/:/home/phill/.espressif/tools/riscv32-esp-elf/esp-13.2.0_20240530/riscv32-esp-elf/bin/../riscv32-esp-elf/usr/lib/
COLLECT_GCC_OPTIONS='-march=rv32imafc_zicsr_zifencei_xesppie' '-mabi=ilp32f' '-v' '-o' 'CMakeFiles/cmTC_84bc4.dir/CMakeCXXCompilerABI.cpp.obj' '-c' '-misa-spec=20191213' '-march=rv32imafc_zicsr_zifencei_xesppie' '-dumpdir' 'CMakeFiles/cmTC_84bc4.dir/CMakeCXXCompilerABI.cpp.'
Linking CXX executable cmTC_84bc4
/usr/bin/cmake -E cmake_link_script CMakeFiles/cmTC_84bc4.dir/link.txt --verbose=1
/home/phill/.espressif/tools/riscv32-esp-elf/esp-13.2.0_20240530/riscv32-esp-elf/bin/riscv32-esp-elf-g++ -march=rv32imafc_zicsr_zifencei_xesppie -mabi=ilp32f   -nostartfiles -march=rv32imafc_zicsr_zifencei_xesppie -mabi=ilp32f --specs=nosys.specs  -v CMakeFiles/cmTC_84bc4.dir/CMakeCXXCompilerABI.cpp.obj -o cmTC_84bc4 
Using built-in specs.
Reading specs from /home/phill/.espressif/tools/riscv32-esp-elf/esp-13.2.0_20240530/riscv32-esp-elf/bin/../lib/gcc/riscv32-esp-elf/13.2.0/../../../../riscv32-esp-elf/lib/nosys.specs
rename spec link_gcc_c_sequence to nosys_link_gcc_c_sequence
COLLECT_GCC=/home/phill/.espressif/tools/riscv32-esp-elf/esp-13.2.0_20240530/riscv32-esp-elf/bin/riscv32-esp-elf-g++
COLLECT_LTO_WRAPPER=/home/phill/.espressif/tools/riscv32-esp-elf/esp-13.2.0_20240530/riscv32-esp-elf/bin/../libexec/gcc/riscv32-esp-elf/13.2.0/lto-wrapper
Target: riscv32-esp-elf
Configured with: /builds/idf/crosstool-NG/.build/HOST-aarch64-linux-gnu/riscv32-esp-elf/src/gcc/configure --build=x86_64-build_pc-linux-gnu --host=aarch64-host_unknown-linux-gnu --target=riscv32-esp-elf --prefix=/builds/idf/crosstool-NG/builds/riscv32-esp-elf --exec_prefix=/builds/idf/crosstool-NG/builds/riscv32-esp-elf --with-local-prefix=/builds/idf/crosstool-NG/builds/riscv32-esp-elf/riscv32-esp-elf --with-sysroot=/builds/idf/crosstool-NG/builds/riscv32-esp-elf/riscv32-esp-elf --with-native-system-header-dir=/include --with-newlib --enable-threads=no --disable-shared --with-arch=rv32gc --with-abi=ilp32 --with-pkgversion='crosstool-NG esp-13.2.0_20240530' --disable-__cxa_atexit --enable-cxx-flags=-ffunction-sections --disable-libgomp --disable-libmudflap --disable-libmpx --disable-libssp --disable-libquadmath --disable-libquadmath-support --disable-libstdcxx-verbose --with-gmp=/builds/idf/crosstool-NG/.build/HOST-aarch64-linux-gnu/riscv32-esp-elf/buildtools/complibs-host --with-mpfr=/builds/idf/crosstool-NG/.build/HOST-aarch64-linux-gnu/riscv32-esp-elf/buildtools/complibs-host --with-mpc=/builds/idf/crosstool-NG/.build/HOST-aarch64-linux-gnu/riscv32-esp-elf/buildtools/complibs-host --with-isl=/builds/idf/crosstool-NG/.build/HOST-aarch64-linux-gnu/riscv32-esp-elf/buildtools/complibs-host --enable-lto --enable-target-optspace --without-long-double-128 --disable-nls --enable-multiarch --enable-languages=c,c++ --disable-libstdcxx-verbose --enable-threads=posix --enable-gcov-custom-rtio --enable-libstdcxx-time=yes
Thread model: posix
Supported LTO compression algorithms: zlib zstd
gcc version 13.2.0 (crosstool-NG esp-13.2.0_20240530) 
COMPILER_PATH=/home/phill/.espressif/tools/riscv32-esp-elf/esp-13.2.0_20240530/riscv32-esp-elf/bin/../libexec/gcc/riscv32-esp-elf/13.2.0/:/home/phill/.espressif/tools/riscv32-esp-elf/esp-13.2.0_20240530/riscv32-esp-elf/bin/../libexec/gcc/:/home/phill/.espressif/tools/riscv32-esp-elf/esp-13.2.0_20240530/riscv32-esp-elf/bin/../lib/gcc/riscv32-esp-elf/13.2.0/../../../../riscv32-esp-elf/bin/
LIBRARY_PATH=/home/phill/.espressif/tools/riscv32-esp-elf/esp-13.2.0_20240530/riscv32-esp-elf/bin/../lib/gcc/riscv32-esp-elf/13.2.0/rv32imafc_zicsr_zifencei/ilp32f/:/home/phill/.espressif/tools/riscv32-esp-elf/esp-13.2.0_20240530/riscv32-esp-elf/bin/../lib/gcc/riscv32-esp-elf/13.2.0/../../../../riscv32-esp-elf/lib/rv32imafc_zicsr_zifencei/ilp32f/:/home/phill/.espressif/tools/riscv32-esp-elf/esp-13.2.0_20240530/riscv32-esp-elf/bin/../riscv32-esp-elf/lib/rv32imafc_zicsr_zifencei/ilp32f/:/home/phill/.espressif/tools/riscv32-esp-elf/esp-13.2.0_20240530/riscv32-esp-elf/bin/../lib/gcc/riscv32-esp-elf/13.2.0/:/home/phill/.espressif/tools/riscv32-esp-elf/esp-13.2.0_20240530/riscv32-esp-elf/bin/../lib/gcc/:/home/phill/.espressif/tools/riscv32-esp-elf/esp-13.2.0_20240530/riscv32-esp-elf/bin/../lib/gcc/riscv32-esp-elf/13.2.0/../../../../riscv32-esp-elf/lib/:/home/phill/.espressif/tools/riscv32-esp-elf/esp-13.2.0_20240530/riscv32-esp-elf/bin/../riscv32-esp-elf/lib/:/home/phill/.espressif/tools/riscv32-esp-elf/esp-13.2.0_20240530/riscv32-esp-elf/bin/../riscv32-esp-elf/usr/lib/
COLLECT_GCC_OPTIONS='-nostartfiles' '-march=rv32imafc_zicsr_zifencei_xesppie' '-mabi=ilp32f' '-specs=nosys.specs' '-v' '-o' 'cmTC_84bc4' '-misa-spec=20191213' '-march=rv32imafc_zicsr_zifencei_xesppie' '-dumpdir' 'cmTC_84bc4.'
 /home/phill/.espressif/tools/riscv32-esp-elf/esp-13.2.0_20240530/riscv32-esp-elf/bin/../libexec/gcc/riscv32-esp-elf/13.2.0/collect2 -plugin /home/phill/.espressif/tools/riscv32-esp-elf/esp-13.2.0_20240530/riscv32-esp-elf/bin/../libexec/gcc/riscv32-esp-elf/13.2.0/liblto_plugin.so -plugin-opt=/home/phill/.espressif/tools/riscv32-esp-elf/esp-13.2.0_20240530/riscv32-esp-elf/bin/../libexec/gcc/riscv32-esp-elf/13.2.0/lto-wrapper -plugin-opt=-fresolution=/tmp/ccW7lIXf.res -plugin-opt=-pass-through=-lgcc -plugin-opt=-pass-through=-lc -plugin-opt=-pass-through=-lnosys -plugin-opt=-pass-through=-lc -plugin-opt=-pass-through=-lgcc -plugin-opt=-pass-through=-lgcc -plugin-opt=-pass-through=-lc -plugin-opt=-pass-through=-lnosys --sysroot=/home/phill/.espressif/tools/riscv32-esp-elf/esp-13.2.0_20240530/riscv32-esp-elf/bin/../riscv32-esp-elf -melf32lriscv -o cmTC_84bc4 -L/home/phill/.espressif/tools/riscv32-esp-elf/esp-13.2.0_20240530/riscv32-esp-elf/bin/../lib/gcc/riscv32-esp-elf/13.2.0/rv32imafc_zicsr_zifencei/ilp32f -L/home/phill/.espressif/tools/riscv32-esp-elf/esp-13.2.0_20240530/riscv32-esp-elf/bin/../lib/gcc/riscv32-esp-elf/13.2.0/../../../../riscv32-esp-elf/lib/rv32imafc_zicsr_zifencei/ilp32f -L/home/phill/.espressif/tools/riscv32-esp-elf/esp-13.2.0_20240530/riscv32-esp-elf/bin/../riscv32-esp-elf/lib/rv32imafc_zicsr_zifencei/ilp32f -L/home/phill/.espressif/tools/riscv32-esp-elf/esp-13.2.0_20240530/riscv32-esp-elf/bin/../lib/gcc/riscv32-esp-elf/13.2.0 -L/home/phill/.espressif/tools/riscv32-esp-elf/esp-13.2.0_20240530/riscv32-esp-elf/bin/../lib/gcc -L/home/phill/.espressif/tools/riscv32-esp-elf/esp-13.2.0_20240530/riscv32-esp-elf/bin/../lib/gcc/riscv32-esp-elf/13.2.0/../../../../riscv32-esp-elf/lib -L/home/phill/.espressif/tools/riscv32-esp-elf/esp-13.2.0_20240530/riscv32-esp-elf/bin/../riscv32-esp-elf/lib -L/home/phill/.espressif/tools/riscv32-esp-elf/esp-13.2.0_20240530/riscv32-esp-elf/bin/../riscv32-esp-elf/usr/lib CMakeFiles/cmTC_84bc4.dir/CMakeCXXCompilerABI.cpp.obj -lstdc++ -lm -lgcc -lc -lnosys -lc -lgcc --start-group -lgcc -lc -lnosys --end-group
/home/phill/.espressif/tools/riscv32-esp-elf/esp-13.2.0_20240530/riscv32-esp-elf/bin/../lib/gcc/riscv32-esp-elf/13.2.0/../../../../riscv32-esp-elf/bin/ld: warning: cannot find entry symbol _start; defaulting to 00010074
COLLECT_GCC_OPTIONS='-nostartfiles' '-march=rv32imafc_zicsr_zifencei_xesppie' '-mabi=ilp32f' '-specs=nosys.specs' '-v' '-o' 'cmTC_84bc4' '-misa-spec=20191213' '-march=rv32imafc_zicsr_zifencei_xesppie' '-dumpdir' 'cmTC_84bc4.'
gmake[1]: Leaving directory '/home/phill/wyEspAgentPay/example/build/CMakeFiles/CMakeTmp'



Parsed CXX implicit include dir info from above output: rv=done
  found start of include info
  found start of implicit include info
    add: [/home/phill/.espressif/tools/riscv32-esp-elf/esp-13.2.0_20240530/riscv32-esp-elf/bin/../lib/gcc/riscv32-esp-elf/13.2.0/../../../../riscv32-esp-elf/include/c++/13.2.0]
    add: [/home/phill/.espressif/tools/riscv32-esp-elf/esp-13.2.0_20240530/riscv32-esp-elf/bin/../lib/gcc/riscv32-esp-elf/13.2.0/../../../../riscv32-esp-elf/include/c++/13.2.0/riscv32-esp-elf/rv32imafc_zicsr_zifencei/ilp32f]
    add: [/home/phill/.espressif/tools/riscv32-esp-elf/esp-13.2.0_20240530/riscv32-esp-elf/bin/../lib/gcc/riscv32-esp-elf/13.2.0/../../../../riscv32-esp-elf/include/c++/13.2.0/backward]
    add: [/home/phill/.espressif/tools/riscv32-esp-elf/esp-13.2.0_20240530/riscv32-esp-elf/bin/../lib/gcc/riscv32-esp-elf/13.2.0/include]
    add: [/home/phill/.espressif/tools/riscv32-esp-elf/esp-13.2.0_20240530/riscv32-esp-elf/bin/../lib/gcc/riscv32-esp-elf/13.2.0/include-fixed]
    add: [/home/phill/.espressif/tools/riscv32-esp-elf/esp-13.2.0_20240530/riscv32-esp-elf/bin/../lib/gcc/riscv32-esp-elf/13.2.0/../../../../riscv32-esp-elf/include]
  end of search list found
  collapse include dir [/home/phill/.espressif/tools/riscv32-esp-elf/esp-13.2.0_20240530/riscv32-esp-elf/bin/../lib/gcc/riscv32-esp-elf/13.2.0/../../../../riscv32-esp-elf/include/c++/13.2.0] ==> [/home/phill/.espressif/tools/riscv32-esp-elf/esp-13.2.0_20240530/riscv32-esp-elf/riscv32-esp-elf/include/c++/13.2.0]
  collapse include dir [/home/phill/.espressif/tools/riscv32-esp-elf/esp-13.2.0_20240530/riscv32-esp-elf/bin/../lib/gcc/riscv32-esp-elf/13.2.0/../../../../riscv32-esp-elf/include/c++/13.2.0/riscv32-esp-elf/rv32imafc_zicsr_zifencei/ilp32f] ==> [/home/phill/.espressif/tools/riscv32-esp-elf/esp-13.2.0_20240530/riscv32-esp-elf/riscv32-esp-elf/include/c++/13.2.0/riscv32-esp-elf/rv32imafc_zicsr_zifencei/ilp32f]
  collapse include dir [/home/phill/.espressif/tools/riscv32-esp-elf/esp-13.2.0_20240530/riscv32-esp-elf/bin/../lib/gcc/riscv32-esp-elf/13.2.0/../../../../riscv32-esp-elf/include/c++/13.2.0/backward] ==> [/home/phill/.espressif/tools/riscv32-esp-elf/esp-13.2.0_20240530/riscv32-esp-elf/riscv32-esp-elf/include/c++/13.2.0/backward]
  collapse include dir [/home/phill/.espressif/tools/riscv32-esp-elf/esp-13.2.0_20240530/riscv32-esp-elf/bin/../lib/gcc/riscv32-esp-elf/13.2.0/include] ==> [/home/phill/.espressif/tools/riscv32-esp-elf/esp-13.2.0_20240530/riscv32-esp-elf/lib/gcc/riscv32-esp-elf/13.2.0/include]
  collapse include dir [/home/phill/.espressif/tools/riscv32-esp-elf/esp-13.2.0_20240530/riscv32-esp-elf/bin/../lib/gcc/riscv32-esp-elf/13.2.0/include-fixed] ==> [/home/phill/.espressif/tools/riscv32-esp-elf/esp-13.2.0_20240530/riscv32-esp-elf/lib/gcc/riscv32-esp-elf/13.2.0/include-fixed]
  collapse include dir [/home/phill/.espressif/tools/riscv32-esp-elf/esp-13.2.0_20240530/riscv32-esp-elf/bin/../lib/gcc/riscv32-esp-elf/13.2.0/../../../../riscv32-esp-elf/include] ==> [/home/phill/.espressif/tools/riscv32-esp-elf/esp-13.2.0_20240530/riscv32-esp-elf/riscv32-esp-elf/include]
  implicit include dirs: [/home/phill/.espressif/tools/riscv32-esp-elf/esp-13.2.0_20240530/riscv32-esp-elf/riscv32-esp-elf/include/c++/13.2.0;/home/phill/.espressif/tools/riscv32-esp-elf/esp-13.2.0_20240530/riscv32-esp-elf/riscv32-esp-elf/include/c++/13.2.0/riscv32-esp-elf/rv32imafc_zicsr_zifencei/ilp32f;/home/phill/.espressif/tools/riscv32-esp-elf/esp-13.2.0_20240530/riscv32-esp-elf/riscv32-esp-elf/include/c++/13.2.0/backward;/home/phill/.espressif/tools/riscv32-esp-elf/esp-13.2.0_20240530/riscv32-esp-elf/lib/gcc/riscv32-esp-elf/13.2.0/include;/home/phill/.espressif/tools/riscv32-esp-elf/esp-13.2.0_20240530/riscv32-esp-elf/lib/gcc/riscv32-esp-elf/13.2.0/include-fixed;/home/phill/.espressif/tools/riscv32-esp-elf/esp-13.2.0_20240530/riscv32-esp-elf/riscv32-esp-elf/include]


Parsed CXX implicit link information from above output:
  link line regex: [^( *|.*[/\])(riscv32-esp-elf-ld|CMAKE_LINK_STARTFILE-NOTFOUND|([^/\]+-)?ld|collect2)[^/\]*( |$)]
  ignore line: [Change Dir: /home/phill/wyEspAgentPay/example/build/CMakeFiles/CMakeTmp]
  ignore line: []
  ignore line: [Run Build Command(s):/usr/bin/gmake -f Makefile cmTC_84bc4/fast && /usr/bin/gmake  -f CMakeFiles/cmTC_84bc4.dir/build.make CMakeFiles/cmTC_84bc4.dir/build]
  ignore line: [gmake[1]: Entering directory '/home/phill/wyEspAgentPay/example/build/CMakeFiles/CMakeTmp']
  ignore line: [Building CXX object CMakeFiles/cmTC_84bc4.dir/CMakeCXXCompilerABI.cpp.obj]
  ignore line: [/home/phill/.espressif/tools/riscv32-esp-elf/esp-13.2.0_20240530/riscv32-esp-elf/bin/riscv32-esp-elf-g++   -march=rv32imafc_zicsr_zifencei_xesppie -mabi=ilp32f     -v -o CMakeFiles/cmTC_84bc4.dir/CMakeCXXCompilerABI.cpp.obj -c /usr/share/cmake-3.22/Modules/CMakeCXXCompilerABI.cpp]
  ignore line: [Using built-in specs.]
  ignore line: [COLLECT_GCC=/home/phill/.espressif/tools/riscv32-esp-elf/esp-13.2.0_20240530/riscv32-esp-elf/bin/riscv32-esp-elf-g++]
  ignore line: [Target: riscv32-esp-elf]
  ignore line: [Configured with: /builds/idf/crosstool-NG/.build/HOST-aarch64-linux-gnu/riscv32-esp-elf/src/gcc/configure --build=x86_64-build_pc-linux-gnu --host=aarch64-host_unknown-linux-gnu --target=riscv32-esp-elf --prefix=/builds/idf/crosstool-NG/builds/riscv32-esp-elf --exec_prefix=/builds/idf/crosstool-NG/builds/riscv32-esp-elf --with-local-prefix=/builds/idf/crosstool-NG/builds/riscv32-esp-elf/riscv32-esp-elf --with-sysroot=/builds/idf/crosstool-NG/builds/riscv32-esp-elf/riscv32-esp-elf --with-native-system-header-dir=/include --with-newlib --enable-threads=no --disable-shared --with-arch=rv32gc --with-abi=ilp32 --with-pkgversion='crosstool-NG esp-13.2.0_20240530' --disable-__cxa_atexit --enable-cxx-flags=-ffunction-sections --disable-libgomp --disable-libmudflap --disable-libmpx --disable-libssp --disable-libquadmath --disable-libquadmath-support --disable-libstdcxx-verbose --with-gmp=/builds/idf/crosstool-NG/.build/HOST-aarch64-linux-gnu/riscv32-esp-elf/buildtools/complibs-host --with-mpfr=/builds/idf/crosstool-NG/.build/HOST-aarch64-linux-gnu/riscv32-esp-elf/buildtools/complibs-host --with-mpc=/builds/idf/crosstool-NG/.build/HOST-aarch64-linux-gnu/riscv32-esp-elf/buildtools/complibs-host --with-isl=/builds/idf/crosstool-NG/.build/HOST-aarch64-linux-gnu/riscv32-esp-elf/buildtools/complibs-host --enable-lto --enable-target-optspace --without-long-double-128 --disable-nls --enable-multiarch --enable-languages=c c++ --disable-libstdcxx-verbose --enable-threads=posix --enable-gcov-custom-rtio --enable-libstdcxx-time=yes]
  ignore line: [Thread model: posix]
  ignore line: [Supported LTO compression algorithms: zlib zstd]
  ignore line: [gcc version 13.2.0 (crosstool-NG esp-13.2.0_20240530) ]
  ignore line: [COLLECT_GCC_OPTIONS='-march=rv32imafc_zicsr_zifencei_xesppie' '-mabi=ilp32f' '-v' '-o' 'CMakeFiles/cmTC_84bc4.dir/CMakeCXXCompilerABI.cpp.obj' '-c' '-misa-spec=20191213' '-march=rv32imafc_zicsr_zifencei_xesppie' '-dumpdir' 'CMakeFiles/cmTC_84bc4.dir/']
  ignore line: [ /home/phill/.espressif/tools/riscv32-esp-elf/esp-13.2.0_20240530/riscv32-esp-elf/bin/../libexec/gcc/riscv32-esp-elf/13.2.0/cc1plus -quiet -v -imultilib rv32imafc_zicsr_zifencei/ilp32f -iprefix /home/phill/.espressif/tools/riscv32-esp-elf/esp-13.2.0_20240530/riscv32-esp-elf/bin/../lib/gcc/riscv32-esp-elf/13.2.0/ -isysroot /home/phill/.espressif/tools/riscv32-esp-elf/esp-13.2.0_20240530/riscv32-esp-elf/bin/../riscv32-esp-elf /usr/share/cmake-3.22/Modules/CMakeCXXCompilerABI.cpp -quiet -dumpdir CMakeFiles/cmTC_84bc4.dir/ -dumpbase CMakeCXXCompilerABI.cpp.cpp -dumpbase-ext .cpp -march=rv32imafc_zicsr_zifencei_xesppie -mabi=ilp32f -misa-spec=20191213 -march=rv32imafc_zicsr_zifencei_xesppie -version -o /tmp/ccT65Vet.s]
  ignore line: [GNU C++17 (crosstool-NG esp-13.2.0_20240530) version 13.2.0 (riscv32-esp-elf)]
  ignore line: [	compiled by GNU C version 6.3.0 20170516  GMP version 6.2.1  MPFR version 4.2.1  MPC version 1.2.1  isl version isl-0.26-GMP]
  ignore line: []
  ignore line: [GGC heuristics: --param ggc-min-expand=100 --param ggc-min-heapsize=131072]
  ignore line: [ignoring duplicate directory "/home/phill/.espressif/tools/riscv32-esp-elf/esp-13.2.0_20240530/riscv32-esp-elf/bin/../lib/gcc/../../lib/gcc/riscv32-esp-elf/13.2.0/../../../../riscv32-esp-elf/include/c++/13.2.0"]
  ignore line: [ignoring duplicate directory "/home/phill/.espressif/tools/riscv32-esp-elf/esp-13.2.0_20240530/riscv32-esp-elf/bin/../lib/gcc/../../lib/gcc/riscv32-esp-elf/13.2.0/../../../../riscv32-esp-elf/include/c++/13.2.0/riscv32-esp-elf/rv32imafc_zicsr_zifencei/ilp32f"]
  ignore line: [ignoring duplicate directory "/home/phill/.espressif/tools/riscv32-esp-elf/esp-13.2.0_20240530/riscv32-esp-elf/bin/../lib/gcc/../../lib/gcc/riscv32-esp-elf/13.2.0/../../../../riscv32-esp-elf/include/c++/13.2.0/backward"]
  ignore line: [ignoring duplicate directory "/home/phill/.espressif/tools/riscv32-esp-elf/esp-13.2.0_20240530/riscv32-esp-elf/bin/../lib/gcc/../../lib/gcc/riscv32-esp-elf/13.2.0/include"]
  ignore line: [ignoring nonexistent directory "/home/phill/.espressif/tools/riscv32-esp-elf/esp-13.2.0_20240530/riscv32-esp-elf/bin/../riscv32-esp-elf/builds/idf/crosstool-NG/builds/riscv32-esp-elf/riscv32-esp-elf/include"]
  ignore line: [ignoring duplicate directory "/home/phill/.espressif/tools/riscv32-esp-elf/esp-13.2.0_20240530/riscv32-esp-elf/bin/../lib/gcc/../../lib/gcc/riscv32-esp-elf/13.2.0/include-fixed"]
  ignore line: [ignoring duplicate directory "/home/phill/.espressif/tools/riscv32-esp-elf/esp-13.2.0_20240530/riscv32-esp-elf/bin/../lib/gcc/../../lib/gcc/riscv32-esp-elf/13.2.0/../../../../riscv32-esp-elf/include"]
  ignore line: [ignoring duplicate directory "/home/phill/.espressif/tools/riscv32-esp-elf/esp-13.2.0_20240530/riscv32-esp-elf/bin/../riscv32-esp-elf/include"]
  ignore line: [#include "..." search starts here:]
  ignore line: [#include <...> search starts here:]
  ignore line: [ /home/phill/.espressif/tools/riscv32-esp-elf/esp-13.2.0_20240530/riscv32-esp-elf/bin/../lib/gcc/riscv32-esp-elf/13.2.0/../../../../riscv32-esp-elf/include/c++/13.2.0]
  ignore line: [ /home/phill/.espressif/tools/riscv32-esp-elf/esp-13.2.0_20240530/riscv32-esp-elf/bin/../lib/gcc/riscv32-esp-elf/13.2.0/../../../../riscv32-esp-elf/include/c++/13.2.0/riscv32-esp-elf/rv32imafc_zicsr_zifencei/ilp32f]
  ignore line: [ /home/phill/.espressif/tools/riscv32-esp-elf/esp-13.2.0_20240530/riscv32-esp-elf/bin/../lib/gcc/riscv32-esp-elf/13.2.0/../../../../riscv32-esp-elf/include/c++/13.2.0/backward]
  ignore line: [ /home/phill/.espressif/tools/riscv32-esp-elf/esp-13.2.0_20240530/riscv32-esp-elf/bin/../lib/gcc/riscv32-esp-elf/13.2.0/include]
  ignore line: [ /home/phill/.espressif/tools/riscv32-esp-elf/esp-13.2.0_20240530/riscv32-esp-elf/bin/../lib/gcc/riscv32-esp-elf/13.2.0/include-fixed]
  ignore line: [ /home/phill/.espressif/tools/riscv32-esp-elf/esp-13.2.0_20240530/riscv32-esp-elf/bin/../lib/gcc/riscv32-esp-elf/13.2.0/../../../../riscv32-esp-elf/include]
  ignore line: [End of search list.]
  ignore line: [Compiler executable checksum: a7d8489793fb44cc22bf35c369a62157]
  ignore line: [COLLECT_GCC_OPTIONS='-march=rv32imafc_zicsr_zifencei_xesppie' '-mabi=ilp32f' '-v' '-o' 'CMakeFiles/cmTC_84bc4.dir/CMakeCXXCompilerABI.cpp.obj' '-c' '-misa-spec=20191213' '-march=rv32imafc_zicsr_zifencei_xesppie' '-dumpdir' 'CMakeFiles/cmTC_84bc4.dir/']
  ignore line: [ /home/phill/.espressif/tools/riscv32-esp-elf/esp-13.2.0_20240530/riscv32-esp-elf/bin/../lib/gcc/riscv32-esp-elf/13.2.0/../../../../riscv32-esp-elf/bin/as -v --traditional-format -march=rv32imafc_zicsr_zifencei_xesppie -march=rv32imafc_zicsr_zifencei_xesppie -mabi=ilp32f -misa-spec=20191213 -o CMakeFiles/cmTC_84bc4.dir/CMakeCXXCompilerABI.cpp.obj /tmp/ccT65Vet.s]
  ignore line: [GNU assembler version 2.41 (riscv32-esp-elf) using BFD version (crosstool-NG esp-13.2.0_20240530) 2.41]
  ignore line: [COMPILER_PATH=/home/phill/.espressif/tools/riscv32-esp-elf/esp-13.2.0_20240530/riscv32-esp-elf/bin/../libexec/gcc/riscv32-esp-elf/13.2.0/:/home/phill/.espressif/tools/riscv32-esp-elf/esp-13.2.0_20240530/riscv32-esp-elf/bin/../libexec/gcc/:/home/phill/.espressif/tools/riscv32-esp-elf/esp-13.2.0_20240530/riscv32-esp-elf/bin/../lib/gcc/riscv32-esp-elf/13.2.0/../../../../riscv32-esp-elf/bin/]
  ignore line: [LIBRARY_PATH=/home/phill/.espressif/tools/riscv32-esp-elf/esp-13.2.0_20240530/riscv32-esp-elf/bin/../lib/gcc/riscv32-esp-elf/13.2.0/rv32imafc_zicsr_zifencei/ilp32f/:/home/phill/.espressif/tools/riscv32-esp-elf/esp-13.2.0_20240530/riscv32-esp-elf/bin/../lib/gcc/riscv32-esp-elf/13.2.0/../../../../riscv32-esp-elf/lib/rv32imafc_zicsr_zifencei/ilp32f/:/home/phill/.espressif/tools/riscv32-esp-elf/esp-13.2.0_20240530/riscv32-esp-elf/bin/../riscv32-esp-elf/lib/rv32imafc_zicsr_zifencei/ilp32f/:/home/phill/.espressif/tools/riscv32-esp-elf/esp-13.2.0_20240530/riscv32-esp-elf/bin/../lib/gcc/riscv32-esp-elf/13.2.0/:/home/phill/.espressif/tools/riscv32-esp-elf/esp-13.2.0_20240530/riscv32-esp-elf/bin/../lib/gcc/:/home/phill/.espressif/tools/riscv32-esp-elf/esp-13.2.0_20240530/riscv32-esp-elf/bin/../lib/gcc/riscv32-esp-elf/13.2.0/../../../../riscv32-esp-elf/lib/:/home/phill/.espressif/tools/riscv32-esp-elf/esp-13.2.0_20240530/riscv32-esp-elf/bin/../riscv32-esp-elf/lib/:/home/phill/.espressif/tools/riscv32-esp-elf/esp-13.2.0_20240530/riscv32-esp-elf/bin/../riscv32-esp-elf/usr/lib/]
  ignore line: [COLLECT_GCC_OPTIONS='-march=rv32imafc_zicsr_zifencei_xesppie' '-mabi=ilp32f' '-v' '-o' 'CMakeFiles/cmTC_84bc4.dir/CMakeCXXCompilerABI.cpp.obj' '-c' '-misa-spec=20191213' '-march=rv32imafc_zicsr_zifencei_xesppie' '-dumpdir' 'CMakeFiles/cmTC_84bc4.dir/CMakeCXXCompilerABI.cpp.']
  ignore line: [Linking CXX executable cmTC_84bc4]
  ignore line: [/usr/bin/cmake -E cmake_link_script CMakeFiles/cmTC_84bc4.dir/link.txt --verbose=1]
  ignore line: [/home/phill/.espressif/tools/riscv32-esp-elf/esp-13.2.0_20240530/riscv32-esp-elf/bin/riscv32-esp-elf-g++ -march=rv32imafc_zicsr_zifencei_xesppie -mabi=ilp32f   -nostartfiles -march=rv32imafc_zicsr_zifencei_xesppie -mabi=ilp32f --specs=nosys.specs  -v CMakeFiles/cmTC_84bc4.dir/CMakeCXXCompilerABI.cpp.obj -o cmTC_84bc4 ]
  ignore line: [Using built-in specs.]
  ignore line: [Reading specs from /home/phill/.espressif/tools/riscv32-esp-elf/esp-13.2.0_20240530/riscv32-esp-elf/bin/../lib/gcc/riscv32-esp-elf/13.2.0/../../../../riscv32-esp-elf/lib/nosys.specs]
  ignore line: [rename spec link_gcc_c_sequence to nosys_link_gcc_c_sequence]
  ignore line: [COLLECT_GCC=/home/phill/.espressif/tools/riscv32-esp-elf/esp-13.2.0_20240530/riscv32-esp-elf/bin/riscv32-esp-elf-g++]
  ignore line: [COLLECT_LTO_WRAPPER=/home/phill/.espressif/tools/riscv32-esp-elf/esp-13.2.0_20240530/riscv32-esp-elf/bin/../libexec/gcc/riscv32-esp-elf/13.2.0/lto-wrapper]
  ignore line: [Target: riscv32-esp-elf]
  ignore line: [Configured with: /builds/idf/crosstool-NG/.build/HOST-aarch64-linux-gnu/riscv32-esp-elf/src/gcc/configure --build=x86_64-build_pc-linux-gnu --host=aarch64-host_unknown-linux-gnu --target=riscv32-esp-elf --prefix=/builds/idf/crosstool-NG/builds/riscv32-esp-elf --exec_prefix=/builds/idf/crosstool-NG/builds/riscv32-esp-elf --with-local-prefix=/builds/idf/crosstool-NG/builds/riscv32-esp-elf/riscv32-esp-elf --with-sysroot=/builds/idf/crosstool-NG/builds/riscv32-esp-elf/riscv32-esp-elf --with-native-system-header-dir=/include --with-newlib --enable-threads=no --disable-shared --with-arch=rv32gc --with-abi=ilp32 --with-pkgversion='crosstool-NG esp-13.2.0_20240530' --disable-__cxa_atexit --enable-cxx-flags=-ffunction-sections --disable-libgomp --disable-libmudflap --disable-libmpx --disable-libssp --disable-libquadmath --disable-libquadmath-support --disable-libstdcxx-verbose --with-gmp=/builds/idf/crosstool-NG/.build/HOST-aarch64-linux-gnu/riscv32-esp-elf/buildtools/complibs-host --with-mpfr=/builds/idf/crosstool-NG/.build/HOST-aarch64-linux-gnu/riscv32-esp-elf/buildtools/complibs-host --with-mpc=/builds/idf/crosstool-NG/.build/HOST-aarch64-linux-gnu/riscv32-esp-elf/buildtools/complibs-host --with-isl=/builds/idf/crosstool-NG/.build/HOST-aarch64-linux-gnu/riscv32-esp-elf/buildtools/complibs-host --enable-lto --enable-target-optspace --without-long-double-128 --disable-nls --enable-multiarch --enable-languages=c c++ --disable-libstdcxx-verbose --enable-threads=posix --enable-gcov-custom-rtio --enable-libstdcxx-time=yes]
  ignore line: [Thread model: posix]
  ignore line: [Supported LTO compression algorithms: zlib zstd]
  ignore line: [gcc version 13.2.0 (crosstool-NG esp-13.2.0_20240530) ]
  ignore line: [COMPILER_PATH=/home/phill/.espressif/tools/riscv32-esp-elf/esp-13.2.0_20240530/riscv32-esp-elf/bin/../libexec/gcc/riscv32-esp-elf/13.2.0/:/home/phill/.espressif/tools/riscv32-esp-elf/esp-13.2.0_20240530/riscv32-esp-elf/bin/../libexec/gcc/:/home/phill/.espressif/tools/riscv32-esp-elf/esp-13.2.0_20240530/riscv32-esp-elf/bin/../lib/gcc/riscv32-esp-elf/13.2.0/../../../../riscv32-esp-elf/bin/]
  ignore line: [LIBRARY_PATH=/home/phill/.espressif/tools/riscv32-esp-elf/esp-13.2.0_20240530/riscv32-esp-elf/bin/../lib/gcc/riscv32-esp-elf/13.2.0/rv32imafc_zicsr_zifencei/ilp32f/:/home/phill/.espressif/tools/riscv32-esp-elf/esp-13.2.0_20240530/riscv32-esp-elf/bin/../lib/gcc/riscv32-esp-elf/13.2.0/../../../../riscv32-esp-elf/lib/rv32imafc_zicsr_zifencei/ilp32f/:/home/phill/.espressif/tools/riscv32-esp-elf/esp-13.2.0_20240530/riscv32-esp-elf/bin/../riscv32-esp-elf/lib/rv32imafc_zicsr_zifencei/ilp32f/:/home/phill/.espressif/tools/riscv32-esp-elf/esp-13.2.0_20240530/riscv32-esp-elf/bin/../lib/gcc/riscv32-esp-elf/13.2.0/:/home/phill/.espressif/tools/riscv32-esp-elf/esp-13.2.0_20240530/riscv32-esp-elf/bin/../lib/gcc/:/home/phill/.espressif/tools/riscv32-esp-elf/esp-13.2.0_20240530/riscv32-esp-elf/bin/../lib/gcc/riscv32-esp-elf/13.2.0/../../../../riscv32-esp-elf/lib/:/home/phill/.espressif/tools/riscv32-esp-elf/esp-13.2.0_20240530/riscv32-esp-elf/bin/../riscv32-esp-elf/lib/:/home/phill/.espressif/tools/riscv32-esp-elf/esp-13.2.0_20240530/riscv32-esp-elf/bin/../riscv32-esp-elf/usr/lib/]
  ignore line: [COLLECT_GCC_OPTIONS='-nostartfiles' '-march=rv32imafc_zicsr_zifencei_xesppie' '-mabi=ilp32f' '-specs=nosys.specs' '-v' '-o' 'cmTC_84bc4' '-misa-spec=20191213' '-march=rv32imafc_zicsr_zifencei_xesppie' '-dumpdir' 'cmTC_84bc4.']
  link line: [ /home/phill/.espressif/tools/riscv32-esp-elf/esp-13.2.0_20240530/riscv32-esp-elf/bin/../libexec/gcc/riscv32-esp-elf/13.2.0/collect2 -plugin /home/phill/.espressif/tools/riscv32-esp-elf/esp-13.2.0_20240530/riscv32-esp-elf/bin/../libexec/gcc/riscv32-esp-elf/13.2.0/liblto_plugin.so -plugin-opt=/home/phill/.espressif/tools/riscv32-esp-elf/esp-13.2.0_20240530/riscv32-esp-elf/bin/../libexec/gcc/riscv32-esp-elf/13.2.0/lto-wrapper -plugin-opt=-fresolution=/tmp/ccW7lIXf.res -plugin-opt=-pass-through=-lgcc -plugin-opt=-pass-through=-lc -plugin-opt=-pass-through=-lnosys -plugin-opt=-pass-through=-lc -plugin-opt=-pass-through=-lgcc -plugin-opt=-pass-through=-lgcc -plugin-opt=-pass-through=-lc -plugin-opt=-pass-through=-lnosys --sysroot=/home/phill/.espressif/tools/riscv32-esp-elf/esp-13.2.0_20240530/riscv32-esp-elf/bin/../riscv32-esp-elf -melf32lriscv -o cmTC_84bc4 -L/home/phill/.espressif/tools/riscv32-esp-elf/esp-13.2.0_20240530/riscv32-esp-elf/bin/../lib/gcc/riscv32-esp-elf/13.2.0/rv32imafc_zicsr_zifencei/ilp32f -L/home/phill/.espressif/tools/riscv32-esp-elf/esp-13.2.0_20240530/riscv32-esp-elf/bin/../lib/gcc/riscv32-esp-elf/13.2.0/../../../../riscv32-esp-elf/lib/rv32imafc_zicsr_zifencei/ilp32f -L/home/phill/.espressif/tools/riscv32-esp-elf/esp-13.2.0_20240530/riscv32-esp-elf/bin/../riscv32-esp-elf/lib/rv32imafc_zicsr_zifencei/ilp32f -L/home/phill/.espressif/tools/riscv32-esp-elf/esp-13.2.0_20240530/riscv32-esp-elf/bin/../lib/gcc/riscv32-esp-elf/13.2.0 -L/home/phill/.espressif/tools/riscv32-esp-elf/esp-13.2.0_20240530/riscv32-esp-elf/bin/../lib/gcc -L/home/phill/.espressif/tools/riscv32-esp-elf/esp-13.2.0_20240530/riscv32-esp-elf/bin/../lib/gcc/riscv32-esp-elf/13.2.0/../../../../riscv32-esp-elf/lib -L/home/phill/.espressif/tools/riscv32-esp-elf/esp-13.2.0_20240530/riscv32-esp-elf/bin/../riscv32-esp-elf/lib -L/home/phill/.espressif/tools/riscv32-esp-elf/esp-13.2.0_20240530/riscv32-esp-elf/bin/../riscv32-esp-elf/usr/lib CMakeFiles/cmTC_84bc4.dir/CMakeCXXCompilerABI.cpp.obj -lstdc++ -lm -lgcc -lc -lnosys -lc -lgcc --start-group -lgcc -lc -lnosys --end-group]
    arg [/home/phill/.espressif/tools/riscv32-esp-elf/esp-13.2.0_20240530/riscv32-esp-elf/bin/../libexec/gcc/riscv32-esp-elf/13.2.0/collect2] ==> ignore
    arg [-plugin] ==> ignore
    arg [/home/phill/.espressif/tools/riscv32-esp-elf/esp-13.2.0_20240530/riscv32-esp-elf/bin/../libexec/gcc/riscv32-esp-elf/13.2.0/liblto_plugin.so] ==> ignore
    arg [-plugin-opt=/home/phill/.espressif/tools/riscv32-esp-elf/esp-13.2.0_20240530/riscv32-esp-elf/bin/../libexec/gcc/riscv32-esp-elf/13.2.0/lto-wrapper] ==> ignore
    arg [-plugin-opt=-fresolution=/tmp/ccW7lIXf.res] ==> ignore
    arg [-plugin-opt=-pass-through=-lgcc] ==> ignore
    arg [-plugin-opt=-pass-through=-lc] ==> ignore
    arg [-plugin-opt=-pass-through=-lnosys] ==> ignore
    arg [-plugin-opt=-pass-through=-lc] ==> ignore
    arg [-plugin-opt=-pass-through=-lgcc] ==> ignore
    arg [-plugin-opt=-pass-through=-lgcc] ==> ignore
    arg [-plugin-opt=-pass-through=-lc] ==> ignore
    arg [-plugin-opt=-pass-through=-lnosys] ==> ignore
    arg [--sysroot=/home/phill/.espressif/tools/riscv32-esp-elf/esp-13.2.0_20240530/riscv32-esp-elf/bin/../riscv32-esp-elf] ==> ignore
    arg [-melf32lriscv] ==> ignore
    arg [-o] ==> ignore
    arg [cmTC_84bc4] ==> ignore
    arg [-L/home/phill/.espressif/tools/riscv32-esp-elf/esp-13.2.0_20240530/riscv32-esp-elf/bin/../lib/gcc/riscv32-esp-elf/13.2.0/rv32imafc_zicsr_zifencei/ilp32f] ==> dir [/home/phill/.espressif/tools/riscv32-esp-elf/esp-13.2.0_20240530/riscv32-esp-elf/bin/../lib/gcc/riscv32-esp-elf/13.2.0/rv32imafc_zicsr_zifencei/ilp32f]
    arg [-L/home/phill/.espressif/tools/riscv32-esp-elf/esp-13.2.0_20240530/riscv32-esp-elf/bin/../lib/gcc/riscv32-esp-elf/13.2.0/../../../../riscv32-esp-elf/lib/rv32imafc_zicsr_zifencei/ilp32f] ==> dir [/home/phill/.espressif/tools/riscv32-esp-elf/esp-13.2.0_20240530/riscv32-esp-elf/bin/../lib/gcc/riscv32-esp-elf/13.2.0/../../../../riscv32-esp-elf/lib/rv32imafc_zicsr_zifencei/ilp32f]
    arg [-L/home/phill/.espressif/tools/riscv32-esp-elf/esp-13.2.0_20240530/riscv32-esp-elf/bin/../riscv32-esp-elf/lib/rv32imafc_zicsr_zifencei/ilp32f] ==> dir [/home/phill/.espressif/tools/riscv32-esp-elf/esp-13.2.0_20240530/riscv32-esp-elf/bin/../riscv32-esp-elf/lib/rv32imafc_zicsr_zifencei/ilp32f]
    arg [-L/home/phill/.espressif/tools/riscv32-esp-elf/esp-13.2.0_20240530/riscv32-esp-elf/bin/../lib/gcc/riscv32-esp-elf/13.2.0] ==> dir [/home/phill/.espressif/tools/riscv32-esp-elf/esp-13.2.0_20240530/riscv32-esp-elf/bin/../lib/gcc/riscv32-esp-elf/13.2.0]
    arg [-L/home/phill/.espressif/tools/riscv32-esp-elf/esp-13.2.0_20240530/riscv32-esp-elf/bin/../lib/gcc] ==> dir [/home/phill/.espressif/tools/riscv32-esp-elf/esp-13.2.0_20240530/riscv32-esp-elf/bin/../lib/gcc]
    arg [-L/home/phill/.espressif/tools/riscv32-esp-elf/esp-13.2.0_20240530/riscv32-esp-elf/bin/../lib/gcc/riscv32-esp-elf/13.2.0/../../../../riscv32-esp-elf/lib] ==> dir [/home/phill/.espressif/tools/riscv32-esp-elf/esp-13.2.0_20240530/riscv32-esp-elf/bin/../lib/gcc/riscv32-esp-elf/13.2.0/../../../../riscv32-esp-elf/lib]
    arg [-L/home/phill/.espressif/tools/riscv32-esp-elf/esp-13.2.0_20240530/riscv32-esp-elf/bin/../riscv32-esp-elf/lib] ==> dir [/home/phill/.espressif/tools/riscv32-esp-elf/esp-13.2.0_20240530/riscv32-esp-elf/bin/../riscv32-esp-elf/lib]
    arg [-L/home/phill/.espressif/tools/riscv32-esp-elf/esp-13.2.0_20240530/riscv32-esp-elf/bin/../riscv32-esp-elf/usr/lib] ==> dir [/home/phill/.espressif/tools/riscv32-esp-elf/esp-13.2.0_20240530/riscv32-esp-elf/bin/../riscv32-esp-elf/usr/lib]
    arg [CMakeFiles/cmTC_84bc4.dir/CMakeCXXCompilerABI.cpp.obj] ==> ignore
    arg [-lstdc++] ==> lib [stdc++]
    arg [-lm] ==> lib [m]
    arg [-lgcc] ==> lib [gcc]
    arg [-lc] ==> lib [c]
    arg [-lnosys] ==> lib [nosys]
    arg [-lc] ==> lib [c]
    arg [-lgcc] ==> lib [gcc]
    arg [--start-group] ==> ignore
    arg [-lgcc] ==> lib [gcc]
    arg [-lc] ==> lib [c]
    arg [-lnosys] ==> lib [nosys]
    arg [--end-group] ==> ignore
  collapse library dir [/home/phill/.espressif/tools/riscv32-esp-elf/esp-13.2.0_20240530/riscv32-esp-elf/bin/../lib/gcc/riscv32-esp-elf/13.2.0/rv32imafc_zicsr_zifencei/ilp32f] ==> [/home/phill/.espressif/tools/riscv32-esp-elf/esp-13.2.0_20240530/riscv32-esp-elf/lib/gcc/riscv32-esp-elf/13.2.0/rv32imafc_zicsr_zifencei/ilp32f]
  collapse library dir [/home/phill/.espressif/tools/riscv32-esp-elf/esp-13.2.0_20240530/riscv32-esp-elf/bin/../lib/gcc/riscv32-esp-elf/13.2.0/../../../../riscv32-esp-elf/lib/rv32imafc_zicsr_zifencei/ilp32f] ==> [/home/phill/.espressif/tools/riscv32-esp-elf/esp-13.2.0_20240530/riscv32-esp-elf/riscv32-esp-elf/lib/rv32imafc_zicsr_zifencei/ilp32f]
  collapse library dir [/home/phill/.espressif/tools/riscv32-esp-elf/esp-13.2.0_20240530/riscv32-esp-elf/bin/../riscv32-esp-elf/lib/rv32imafc_zicsr_zifencei/ilp32f] ==> [/home/phill/.espressif/tools/riscv32-esp-elf/esp-13.2.0_20240530/riscv32-esp-elf/riscv32-esp-elf/lib/rv32imafc_zicsr_zifencei/ilp32f]
  collapse library dir [/home/phill/.espressif/tools/riscv32-esp-elf/esp-13.2.0_20240530/riscv32-esp-elf/bin/../lib/gcc/riscv32-esp-elf/13.2.0] ==> [/home/phill/.espressif/tools/riscv32-esp-elf/esp-13.2.0_20240530/riscv32-esp-elf/lib/gcc/riscv32-esp-elf/13.2.0]
  collapse library dir [/home/phill/.espressif/tools/riscv32-esp-elf/esp-13.2.0_20240530/riscv32-esp-elf/bin/../lib/gcc] ==> [/home/phill/.espressif/tools/riscv32-esp-elf/esp-13.2.0_20240530/riscv32-esp-elf/lib/gcc]
  collapse library dir [/home/phill/.espressif/tools/riscv32-esp-elf/esp-13.2.0_20240530/riscv32-esp-elf/bin/../lib/gcc/riscv32-esp-elf/13.2.0/../../../../riscv32-esp-elf/lib] ==> [/home/phill/.espressif/tools/riscv32-esp-elf/esp-13.2.0_20240530/riscv32-esp-elf/riscv32-esp-elf/lib]
  collapse library dir [/home/phill/.espressif/tools/riscv32-esp-elf/esp-13.2.0_20240530/riscv32-esp-elf/bin/../riscv32-esp-elf/lib] ==> [/home/phill/.espressif/tools/riscv32-esp-elf/esp-13.2.0_20240530/riscv32-esp-elf/riscv32-esp-elf/lib]
  collapse library dir [/home/phill/.espressif/tools/riscv32-esp-elf/esp-13.2.0_20240530/riscv32-esp-elf/bin/../riscv32-esp-elf/usr/lib] ==> [/home/phill/.espressif/tools/riscv32-esp-elf/esp-13.2.0_20240530/riscv32-esp-elf/riscv32-esp-elf/usr/lib]
  implicit libs: [stdc++;m;gcc;c;nosys;c;gcc;gcc;c;nosys]
  implicit objs: []
  implicit dirs: [/home/phill/.espressif/tools/riscv32-esp-elf/esp-13.2.0_20240530/riscv32-esp-elf/lib/gcc/riscv32-esp-elf/13.2.0/rv32imafc_zicsr_zifencei/ilp32f;/home/phill/.espressif/tools/riscv32-esp-elf/esp-13.2.0_20240530/riscv32-esp-elf/riscv32-esp-elf/lib/rv32imafc_zicsr_zifencei/ilp32f;/home/phill/.espressif/tools/riscv32-esp-elf/esp-13.2.0_20240530/riscv32-esp-elf/lib/gcc/riscv32-esp-elf/13.2.0;/home/phill/.espressif/tools/riscv32-esp-elf/esp-13.2.0_20240530/riscv32-esp-elf/lib/gcc;/home/phill/.espressif/tools/riscv32-esp-elf/esp-13.2.0_20240530/riscv32-esp-elf/riscv32-esp-elf/lib;/home/phill/.espressif/tools/riscv32-esp-elf/esp-13.2.0_20240530/riscv32-esp-elf/riscv32-esp-elf/usr/lib]
  implicit fwks: []


Determining if the include file pthread.h exists passed with the following output:
Change Dir: /home/phill/wyEspAgentPay/example/build/CMakeFiles/CMakeTmp

Run Build Command(s):/usr/bin/gmake -f Makefile cmTC_4654a/fast && /usr/bin/gmake  -f CMakeFiles/cmTC_4654a.dir/build.make CMakeFiles/cmTC_4654a.dir/build
gmake[1]: Entering directory '/home/phill/wyEspAgentPay/example/build/CMakeFiles/CMakeTmp'
Building C object CMakeFiles/cmTC_4654a.dir/CheckIncludeFile.c.obj
/home/phill/.espressif/tools/riscv32-esp-elf/esp-13.2.0_20240530/riscv32-esp-elf/bin/riscv32-esp-elf-gcc   -march=rv32imafc_zicsr_zifencei_xesppie -mabi=ilp32f   -o CMakeFiles/cmTC_4654a.dir/CheckIncludeFile.c.obj -c /home/phill/wyEspAgentPay/example/build/CMakeFiles/CMakeTmp/CheckIncludeFile.c
Linking C executable cmTC_4654a
/usr/bin/cmake -E cmake_link_script CMakeFiles/cmTC_4654a.dir/link.txt --verbose=1
/home/phill/.espressif/tools/riscv32-esp-elf/esp-13.2.0_20240530/riscv32-esp-elf/bin/riscv32-esp-elf-gcc -march=rv32imafc_zicsr_zifencei_xesppie -mabi=ilp32f   -nostartfiles -march=rv32imafc_zicsr_zifencei_xesppie -mabi=ilp32f --specs=nosys.specs   CMakeFiles/cmTC_4654a.dir/CheckIncludeFile.c.obj -o cmTC_4654a 
/home/phill/.espressif/tools/riscv32-esp-elf/esp-13.2.0_20240530/riscv32-esp-elf/bin/../lib/gcc/riscv32-esp-elf/13.2.0/../../../../riscv32-esp-elf/bin/ld: warning: cannot find entry symbol _start; defaulting to 00010074
gmake[1]: Leaving directory '/home/phill/wyEspAgentPay/example/build/CMakeFiles/CMakeTmp'



Performing C SOURCE FILE Test CMAKE_HAVE_LIBC_PTHREAD succeeded with the following output:
Change Dir: /home/phill/wyEspAgentPay/example/build/CMakeFiles/CMakeTmp

Run Build Command(s):/usr/bin/gmake -f Makefile cmTC_1f7fc/fast && /usr/bin/gmake  -f CMakeFiles/cmTC_1f7fc.dir/build.make CMakeFiles/cmTC_1f7fc.dir/build
gmake[1]: Entering directory '/home/phill/wyEspAgentPay/example/build/CMakeFiles/CMakeTmp'
Building C object CMakeFiles/cmTC_1f7fc.dir/src.c.obj
/home/phill/.espressif/tools/riscv32-esp-elf/esp-13.2.0_20240530/riscv32-esp-elf/bin/riscv32-esp-elf-gcc -DCMAKE_HAVE_LIBC_PTHREAD  -march=rv32imafc_zicsr_zifencei_xesppie -mabi=ilp32f   -o CMakeFiles/cmTC_1f7fc.dir/src.c.obj -c /home/phill/wyEspAgentPay/example/build/CMakeFiles/CMakeTmp/src.c
Linking C executable cmTC_1f7fc
/usr/bin/cmake -E cmake_link_script CMakeFiles/cmTC_1f7fc.dir/link.txt --verbose=1
/home/phill/.espressif/tools/riscv32-esp-elf/esp-13.2.0_20240530/riscv32-esp-elf/bin/riscv32-esp-elf-gcc -march=rv32imafc_zicsr_zifencei_xesppie -mabi=ilp32f   -nostartfiles -march=rv32imafc_zicsr_zifencei_xesppie -mabi=ilp32f --specs=nosys.specs   CMakeFiles/cmTC_1f7fc.dir/src.c.obj -o cmTC_1f7fc 
/home/phill/.espressif/tools/riscv32-esp-elf/esp-13.2.0_20240530/riscv32-esp-elf/bin/../lib/gcc/riscv32-esp-elf/13.2.0/../../../../riscv32-esp-elf/bin/ld: CMakeFiles/cmTC_1f7fc.dir/src.c.obj: in function `main':
src.c:(.text+0x6a): warning: pthread_atfork is not implemented and will always fail
/home/phill/.espressif/tools/riscv32-esp-elf/esp-13.2.0_20240530/riscv32-esp-elf/bin/../lib/gcc/riscv32-esp-elf/13.2.0/../../../../riscv32-esp-elf/bin/ld: src.c:(.text+0x4c): warning: pthread_cancel is not implemented and will always fail
/home/phill/.espressif/tools/riscv32-esp-elf/esp-13.2.0_20240530/riscv32-esp-elf/bin/../lib/gcc/riscv32-esp-elf/13.2.0/../../../../riscv32-esp-elf/bin/ld: src.c:(.text+0x30): warning: pthread_create is not implemented and will always fail
/home/phill/.espressif/tools/riscv32-esp-elf/esp-13.2.0_20240530/riscv32-esp-elf/bin/../lib/gcc/riscv32-esp-elf/13.2.0/../../../../riscv32-esp-elf/bin/ld: src.c:(.text+0x3e): warning: pthread_detach is not implemented and will always fail
/home/phill/.espressif/tools/riscv32-esp-elf/esp-13.2.0_20240530/riscv32-esp-elf/bin/../lib/gcc/riscv32-esp-elf/13.2.0/../../../../riscv32-esp-elf/bin/ld: src.c:(.text+0x74): warning: pthread_exit is not implemented and will always fail
/home/phill/.espressif/tools/riscv32-esp-elf/esp-13.2.0_20240530/riscv32-esp-elf/bin/../lib/gcc/riscv32-esp-elf/13.2.0/../../../../riscv32-esp-elf/bin/ld: src.c:(.text+0x5c): warning: pthread_join is not implemented and will always fail
/home/phill/.espressif/tools/riscv32-esp-elf/esp-13.2.0_20240530/riscv32-esp-elf/bin/../lib/gcc/riscv32-esp-elf/13.2.0/../../../../riscv32-esp-elf/bin/ld: warning: cannot find entry symbol _start; defaulting to 00010074
gmake[1]: Leaving directory '/home/phill/wyEspAgentPay/example/build/CMakeFiles/CMakeTmp'


Source file was:
#include <pthread.h>

static void* test_func(void* data)
{
  return data;
}

int main(void)
{
  pthread_t thread;
  pthread_create(&thread, NULL, test_func, NULL);
  pthread_detach(thread);
  pthread_cancel(thread);
  pthread_join(thread, NULL);
  pthread_atfork(NULL, NULL, NULL);
  pthread_exit(NULL);

  return 0;
}

Performing C SOURCE FILE Test C_COMPILER_SUPPORTS_WFORMAT_SIGNEDNESS succeeded with the following output:
Change Dir: /home/phill/wyEspAgentPay/example/build/CMakeFiles/CMakeTmp

Run Build Command(s):/usr/bin/gmake -f Makefile cmTC_a7b87/fast && /usr/bin/gmake  -f CMakeFiles/cmTC_a7b87.dir/build.make CMakeFiles/cmTC_a7b87.dir/build
gmake[1]: Entering directory '/home/phill/wyEspAgentPay/example/build/CMakeFiles/CMakeTmp'
Building C object CMakeFiles/cmTC_a7b87.dir/src.c.obj
/home/phill/.espressif/tools/riscv32-esp-elf/esp-13.2.0_20240530/riscv32-esp-elf/bin/riscv32-esp-elf-gcc -DC_COMPILER_SUPPORTS_WFORMAT_SIGNEDNESS  -march=rv32imafc_zicsr_zifencei_xesppie -mabi=ilp32f  -Wall -Wextra -Wwrite-strings -Wmissing-prototypes -Wformat=2 -Wno-format-nonliteral -Wvla -Wlogical-op -Wshadow    -Wformat-signedness -o CMakeFiles/cmTC_a7b87.dir/src.c.obj -c /home/phill/wyEspAgentPay/example/build/CMakeFiles/CMakeTmp/src.c
Linking C executable cmTC_a7b87
/usr/bin/cmake -E cmake_link_script CMakeFiles/cmTC_a7b87.dir/link.txt --verbose=1
/home/phill/.espressif/tools/riscv32-esp-elf/esp-13.2.0_20240530/riscv32-esp-elf/bin/riscv32-esp-elf-gcc -march=rv32imafc_zicsr_zifencei_xesppie -mabi=ilp32f  -Wall -Wextra -Wwrite-strings -Wmissing-prototypes -Wformat=2 -Wno-format-nonliteral -Wvla -Wlogical-op -Wshadow  -nostartfiles -march=rv32imafc_zicsr_zifencei_xesppie -mabi=ilp32f --specs=nosys.specs   CMakeFiles/cmTC_a7b87.dir/src.c.obj -o cmTC_a7b87 
/home/phill/.espressif/tools/riscv32-esp-elf/esp-13.2.0_20240530/riscv32-esp-elf/bin/../lib/gcc/riscv32-esp-elf/13.2.0/../../../../riscv32-esp-elf/bin/ld: warning: cannot find entry symbol _start; defaulting to 00010074
gmake[1]: Leaving directory '/home/phill/wyEspAgentPay/example/build/CMakeFiles/CMakeTmp'


Source file was:
int main(void) { return 0; }
The target system is: Generic -  - 
The host system is: Linux - 5.10.0-1012-rockchip - aarch64
Compiling the C compiler identification source file "CMakeCCompilerId.c" succeeded.
Compiler: /home/phill/.espressif/tools/riscv32-esp-elf/esp-13.2.0_20240530/riscv32-esp-elf/bin/riscv32-esp-elf-gcc 
Build flags: -march=rv32imafc_zicsr_zifencei_xesppie;-mabi=ilp32f;
Id flags:  

The output was:
0
/home/phill/.espressif/tools/riscv32-esp-elf/esp-13.2.0_20240530/riscv32-esp-elf/bin/../lib/gcc/riscv32-esp-elf/13.2.0/../../../../riscv32-esp-elf/bin/ld: /home/phill/.espressif/tools/riscv32-esp-elf/esp-13.2.0_20240530/riscv32-esp-elf/bin/../lib/gcc/riscv32-esp-elf/13.2.0/../../../../riscv32-esp-elf/lib/rv32imafc_zicsr_zifencei/ilp32f/libc.a(libc_a-closer.o): in function `_close_r':
/builds/idf/crosstool-NG/.build/HOST-aarch64-linux-gnu/riscv32-esp-elf/src/newlib/newlib/libc/reent/closer.c:47:(.text+0x14): warning: _close is not implemented and will always fail
/home/phill/.espressif/tools/riscv32-esp-elf/esp-13.2.0_20240530/riscv32-esp-elf/bin/../lib/gcc/riscv32-esp-elf/13.2.0/../../../../riscv32-esp-elf/bin/ld: /home/phill/.espressif/tools/riscv32-esp-elf/esp-13.2.0_20240530/riscv32-esp-elf/bin/../lib/gcc/riscv32-esp-elf/13.2.0/../../../../riscv32-esp-elf/lib/rv32imafc_zicsr_zifencei/ilp32f/libc.a(libc_a-lseekr.o): in function `_lseek_r':
/builds/idf/crosstool-NG/.build/HOST-aarch64-linux-gnu/riscv32-esp-elf/src/newlib/newlib/libc/reent/lseekr.c:49:(.text+0x18): warning: _lseek is not implemented and will always fail
/home/phill/.espressif/tools/riscv32-esp-elf/esp-13.2.0_20240530/riscv32-esp-elf/bin/../lib/gcc/riscv32-esp-elf/13.2.0/../../../../riscv32-esp-elf/bin/ld: /home/phill/.espressif/tools/riscv32-esp-elf/esp-13.2.0_20240530/riscv32-esp-elf/bin/../lib/gcc/riscv32-esp-elf/13.2.0/../../../../riscv32-esp-elf/lib/rv32imafc_zicsr_zifencei/ilp32f/libc.a(libc_a-readr.o): in function `_read_r':
/builds/idf/crosstool-NG/.build/HOST-aarch64-linux-gnu/riscv32-esp-elf/src/newlib/newlib/libc/reent/readr.c:49:(.text+0x18): warning: _read is not implemented and will always fail
/home/phill/.espressif/tools/riscv32-esp-elf/esp-13.2.0_20240530/riscv32-esp-elf/bin/../lib/gcc/riscv32-esp-elf/13.2.0/../../../../riscv32-esp-elf/bin/ld: /home/phill/.espressif/tools/riscv32-esp-elf/esp-13.2.0_20240530/riscv32-esp-elf/bin/../lib/gcc/riscv32-esp-elf/13.2.0/../../../../riscv32-esp-elf/lib/rv32imafc_zicsr_zifencei/ilp32f/libc.a(libc_a-writer.o): in function `_write_r':
/builds/idf/crosstool-NG/.build/HOST-aarch64-linux-gnu/riscv32-esp-elf/src/newlib/newlib/libc/reent/writer.c:49:(.text+0x18): warning: _write is not implemented and will always fail
/home/phill/.espressif/tools/riscv32-esp-elf/esp-13.2.0_20240530/riscv32-esp-elf/bin/../lib/gcc/riscv32-esp-elf/13.2.0/../../../../riscv32-esp-elf/bin/ld: /home/phill/.espressif/tools/riscv32-esp-elf/esp-13.2.0_20240530/riscv32-esp-elf/bin/../lib/gcc/riscv32-esp-elf/13.2.0/../../../../riscv32-esp-elf/lib/rv32imafc_zicsr_zifencei/ilp32f/libc.a(libc_a-fclose.o): in function `fclose':
/builds/idf/crosstool-NG/.build/HOST-aarch64-linux-gnu/riscv32-esp-elf/src/newlib/newlib/libc/stdio/fclose.c:125:(.text+0xf4): warning: __getreent is not implemented and will always fail


Compilation of the C compiler identification source "CMakeCCompilerId.c" produced "a.out"

The C compiler identification is GNU, found in "/home/phill/wyEspAgentPay/example/build/CMakeFiles/3.22.1/CompilerIdC/a.out"

Compiling the CXX compiler identification source file "CMakeCXXCompilerId.cpp" succeeded.
Compiler: /home/phill/.espressif/tools/riscv32-esp-elf/esp-13.2.0_20240530/riscv32-esp-elf/bin/riscv32-esp-elf-g++ 
Build flags: -march=rv32imafc_zicsr_zifencei_xesppie;-mabi=ilp32f;
Id flags:  

The output was:
0
/home/phill/.espressif/tools/riscv32-esp-elf/esp-13.2.0_20240530/riscv32-esp-elf/bin/../lib/gcc/riscv32-esp-elf/13.2.0/../../../../riscv32-esp-elf/bin/ld: /home/phill/.espressif/tools/riscv32-esp-elf/esp-13.2.0_20240530/riscv32-esp-elf/bin/../lib/gcc/riscv32-esp-elf/13.2.0/../../../../riscv32-esp-elf/lib/rv32imafc_zicsr_zifencei/ilp32f/libc.a(libc_a-closer.o): in function `_close_r':
/builds/idf/crosstool-NG/.build/HOST-aarch64-linux-gnu/riscv32-esp-elf/src/newlib/newlib/libc/reent/closer.c:47:(.text+0x14): warning: _close is not implemented and will always fail
/home/phill/.espressif/tools/riscv32-esp-elf/esp-13.2.0_20240530/riscv32-esp-elf/bin/../lib/gcc/riscv32-esp-elf/13.2.0/../../../../riscv32-esp-elf/bin/ld: /home/phill/.espressif/tools/riscv32-esp-elf/esp-13.2.0_20240530/riscv32-esp-elf/bin/../lib/gcc/riscv32-esp-elf/13.2.0/../../../../riscv32-esp-elf/lib/rv32imafc_zicsr_zifencei/ilp32f/libc.a(libc_a-lseekr.o): in function `_lseek_r':
/builds/idf/crosstool-NG/.build/HOST-aarch64-linux-gnu/riscv32-esp-elf/src/newlib/newlib/libc/reent/lseekr.c:49:(.text+0x18): warning: _lseek is not implemented and will always fail
/home/phill/.espressif/tools/riscv32-esp-elf/esp-13.2.0_20240530/riscv32-esp-elf/bin/../lib/gcc/riscv32-esp-elf/13.2.0/../../../../riscv32-esp-elf/bin/ld: /home/phill/.espressif/tools/riscv32-esp-elf/esp-13.2.0_20240530/riscv32-esp-elf/bin/../lib/gcc/riscv32-esp-elf/13.2.0/../../../../riscv32-esp-elf/lib/rv32imafc_zicsr_zifencei/ilp32f/libc.a(libc_a-readr.o): in function `_read_r':
/builds/idf/crosstool-NG/.build/HOST-aarch64-linux-gnu/riscv32-esp-elf/src/newlib/newlib/libc/reent/readr.c:49:(.text+0x18): warning: _read is not implemented and will always fail
/home/phill/.espressif/tools/riscv32-esp-elf/esp-13.2.0_20240530/riscv32-esp-elf/bin/../lib/gcc/riscv32-esp-elf/13.2.0/../../../../riscv32-esp-elf/bin/ld: /home/phill/.espressif/tools/riscv32-esp-elf/esp-13.2.0_20240530/riscv32-esp-elf/bin/../lib/gcc/riscv32-esp-elf/13.2.0/../../../../riscv32-esp-elf/lib/rv32imafc_zicsr_zifencei/ilp32f/libc.a(libc_a-writer.o): in function `_write_r':
/builds/idf/crosstool-NG/.build/HOST-aarch64-linux-gnu/riscv32-esp-elf/src/newlib/newlib/libc/reent/writer.c:49:(.text+0x18): warning: _write is not implemented and will always fail
/home/phill/.espressif/tools/riscv32-esp-elf/esp-13.2.0_20240530/riscv32-esp-elf/bin/../lib/gcc/riscv32-esp-elf/13.2.0/../../../../riscv32-esp-elf/bin/ld: /home/phill/.espressif/tools/riscv32-esp-elf/esp-13.2.0_20240530/riscv32-esp-elf/bin/../lib/gcc/riscv32-esp-elf/13.2.0/../../../../riscv32-esp-elf/lib/rv32imafc_zicsr_zifencei/ilp32f/libc.a(libc_a-fclose.o): in function `fclose':
/builds/idf/crosstool-NG/.build/HOST-aarch64-linux-gnu/riscv32-esp-elf/src/newlib/newlib/libc/stdio/fclose.c:125:(.text+0xf4): warning: __getreent is not implemented and will always fail


Compilation of the CXX compiler identification source "CMakeCXXCompilerId.cpp" produced "a.out"

The CXX compiler identification is GNU, found in "/home/phill/wyEspAgentPay/example/build/CMakeFiles/3.22.1/CompilerIdCXX/a.out"

Checking whether the ASM compiler is GNU using "--version" matched "(GNU assembler)|(GCC)|(Free Software Foundation)":
riscv32-esp-elf-gcc (crosstool-NG esp-13.2.0_20240530) 13.2.0
Copyright (C) 2023 Free Software Foundation, Inc.
This is free software; see the source for copying conditions.  There is NO
warranty; not even for MERCHANTABILITY or FITNESS FOR A PARTICULAR PURPOSE.

Detecting C compiler ABI info compiled with the following output:
Change Dir: /home/phill/wyEspAgentPay/example/build/CMakeFiles/CMakeTmp

Run Build Command(s):/usr/bin/gmake -f Makefile cmTC_37dc1/fast && /usr/bin/gmake  -f CMakeFiles/cmTC_37dc1.dir/build.make CMakeFiles/cmTC_37dc1.dir/build
gmake[1]: Entering directory '/home/phill/wyEspAgentPay/example/build/CMakeFiles/CMakeTmp'
Building C object CMakeFiles/cmTC_37dc1.dir/CMakeCCompilerABI.c.obj
/home/phill/.espressif/tools/riscv32-esp-elf/esp-13.2.0_20240530/riscv32-esp-elf/bin/riscv32-esp-elf-gcc   -march=rv32imafc_zicsr_zifencei_xesppie -mabi=ilp32f     -v -o CMakeFiles/cmTC_37dc1.dir/CMakeCCompilerABI.c.obj -c /usr/share/cmake-3.22/Modules/CMakeCCompilerABI.c
Using built-in specs.
COLLECT_GCC=/home/phill/.espressif/tools/riscv32-esp-elf/esp-13.2.0_20240530/riscv32-esp-elf/bin/riscv32-esp-elf-gcc
Target: riscv32-esp-elf
Configured with: /builds/idf/crosstool-NG/.build/HOST-aarch64-linux-gnu/riscv32-esp-elf/src/gcc/configure --build=x86_64-build_pc-linux-gnu --host=aarch64-host_unknown-linux-gnu --target=riscv32-esp-elf --prefix=/builds/idf/crosstool-NG/builds/riscv32-esp-elf --exec_prefix=/builds/idf/crosstool-NG/builds/riscv32-esp-elf --with-local-prefix=/builds/idf/crosstool-NG/builds/riscv32-esp-elf/riscv32-esp-elf --with-sysroot=/builds/idf/crosstool-NG/builds/riscv32-esp-elf/riscv32-esp-elf --with-native-system-header-dir=/include --with-newlib --enable-threads=no --disable-shared --with-arch=rv32gc --with-abi=ilp32 --with-pkgversion='crosstool-NG esp-13.2.0_20240530' --disable-__cxa_atexit --enable-cxx-flags=-ffunction-sections --disable-libgomp --disable-libmudflap --disable-libmpx --disable-libssp --disable-libquadmath --disable-libquadmath-support --disable-libstdcxx-verbose --with-gmp=/builds/idf/crosstool-NG/.build/HOST-aarch64-linux-gnu/riscv32-esp-elf/buildtools/complibs-host --with-mpfr=/builds/idf/crosstool-NG/.build/HOST-aarch64-linux-gnu/riscv32-esp-elf/buildtools/complibs-host --with-mpc=/builds/idf/crosstool-NG/.build/HOST-aarch64-linux-gnu/riscv32-esp-elf/buildtools/complibs-host --with-isl=/builds/idf/crosstool-NG/.build/HOST-aarch64-linux-gnu/riscv32-esp-elf/buildtools/complibs-host --enable-lto --enable-target-optspace --without-long-double-128 --disable-nls --enable-multiarch --enable-languages=c,c++ --disable-libstdcxx-verbose --enable-threads=posix --enable-gcov-custom-rtio --enable-libstdcxx-time=yes
Thread model: posix
Supported LTO compression algorithms: zlib zstd
gcc version 13.2.0 (crosstool-NG esp-13.2.0_20240530) 
COLLECT_GCC_OPTIONS='-march=rv32imafc_zicsr_zifencei_xesppie' '-mabi=ilp32f' '-v' '-o' 'CMakeFiles/cmTC_37dc1.dir/CMakeCCompilerABI.c.obj' '-c' '-misa-spec=20191213' '-march=rv32imafc_zicsr_zifencei_xesppie' '-dumpdir' 'CMakeFiles/cmTC_37dc1.dir/'
 /home/phill/.espressif/tools/riscv32-esp-elf/esp-13.2.0_20240530/riscv32-esp-elf/bin/../libexec/gcc/riscv32-esp-elf/13.2.0/cc1 -quiet -v -imultilib rv32imafc_zicsr_zifencei/ilp32f -iprefix /home/phill/.espressif/tools/riscv32-esp-elf/esp-13.2.0_20240530/riscv32-esp-elf/bin/../lib/gcc/riscv32-esp-elf/13.2.0/ -isysroot /home/phill/.espressif/tools/riscv32-esp-elf/esp-13.2.0_20240530/riscv32-esp-elf/bin/../riscv32-esp-elf /usr/share/cmake-3.22/Modules/CMakeCCompilerABI.c -quiet -dumpdir CMakeFiles/cmTC_37dc1.dir/ -dumpbase CMakeCCompilerABI.c.c -dumpbase-ext .c -march=rv32imafc_zicsr_zifencei_xesppie -mabi=ilp32f -misa-spec=20191213 -march=rv32imafc_zicsr_zifencei_xesppie -version -o /tmp/ccmTsohB.s
GNU C17 (crosstool-NG esp-13.2.0_20240530) version 13.2.0 (riscv32-esp-elf)
	compiled by GNU C version 6.3.0 20170516, GMP version 6.2.1, MPFR version 4.2.1, MPC version 1.2.1, isl version isl-0.26-GMP

GGC heuristics: --param ggc-min-expand=100 --param ggc-min-heapsize=131072
ignoring duplicate directory "/home/phill/.espressif/tools/riscv32-esp-elf/esp-13.2.0_20240530/riscv32-esp-elf/bin/../lib/gcc/../../lib/gcc/riscv32-esp-elf/13.2.0/include"
ignoring nonexistent directory "/home/phill/.espressif/tools/riscv32-esp-elf/esp-13.2.0_20240530/riscv32-esp-elf/bin/../riscv32-esp-elf/builds/idf/crosstool-NG/builds/riscv32-esp-elf/riscv32-esp-elf/include"
ignoring duplicate directory "/home/phill/.espressif/tools/riscv32-esp-elf/esp-13.2.0_20240530/riscv32-esp-elf/bin/../lib/gcc/../../lib/gcc/riscv32-esp-elf/13.2.0/include-fixed"
ignoring duplicate directory "/home/phill/.espressif/tools/riscv32-esp-elf/esp-13.2.0_20240530/riscv32-esp-elf/bin/../lib/gcc/../../lib/gcc/riscv32-esp-elf/13.2.0/../../../../riscv32-esp-elf/include"
ignoring duplicate directory "/home/phill/.espressif/tools/riscv32-esp-elf/esp-13.2.0_20240530/riscv32-esp-elf/bin/../riscv32-esp-elf/include"
#include "..." search starts here:
#include <...> search starts here:
 /home/phill/.espressif/tools/riscv32-esp-elf/esp-13.2.0_20240530/riscv32-esp-elf/bin/../lib/gcc/riscv32-esp-elf/13.2.0/include
 /home/phill/.espressif/tools/riscv32-esp-elf/esp-13.2.0_20240530/riscv32-esp-elf/bin/../lib/gcc/riscv32-esp-elf/13.2.0/include-fixed
 /home/phill/.espressif/tools/riscv32-esp-elf/esp-13.2.0_20240530/riscv32-esp-elf/bin/../lib/gcc/riscv32-esp-elf/13.2.0/../../../../riscv32-esp-elf/include
End of search list.
Compiler executable checksum: 42457704b0c50327ce1b97c71567cc04
COLLECT_GCC_OPTIONS='-march=rv32imafc_zicsr_zifencei_xesppie' '-mabi=ilp32f' '-v' '-o' 'CMakeFiles/cmTC_37dc1.dir/CMakeCCompilerABI.c.obj' '-c' '-misa-spec=20191213' '-march=rv32imafc_zicsr_zifencei_xesppie' '-dumpdir' 'CMakeFiles/cmTC_37dc1.dir/'
 /home/phill/.espressif/tools/riscv32-esp-elf/esp-13.2.0_20240530/riscv32-esp-elf/bin/../lib/gcc/riscv32-esp-elf/13.2.0/../../../../riscv32-esp-elf/bin/as -v --traditional-format -march=rv32imafc_zicsr_zifencei_xesppie -march=rv32imafc_zicsr_zifencei_xesppie -mabi=ilp32f -misa-spec=20191213 -o CMakeFiles/cmTC_37dc1.dir/CMakeCCompilerABI.c.obj /tmp/ccmTsohB.s
GNU assembler version 2.41 (riscv32-esp-elf) using BFD version (crosstool-NG esp-13.2.0_20240530) 2.41
COMPILER_PATH=/home/phill/.espressif/tools/riscv32-esp-elf/esp-13.2.0_20240530/riscv32-esp-elf/bin/../libexec/gcc/riscv32-esp-elf/13.2.0/:/home/phill/.espressif/tools/riscv32-esp-elf/esp-13.2.0_20240530/riscv32-esp-elf/bin/../libexec/gcc/:/home/phill/.espressif/tools/riscv32-esp-elf/esp-13.2.0_20240530/riscv32-esp-elf/bin/../lib/gcc/riscv32-esp-elf/13.2.0/../../../../riscv32-esp-elf/bin/
LIBRARY_PATH=/home/phill/.espressif/tools/riscv32-esp-elf/esp-13.2.0_20240530/riscv32-esp-elf/bin/../lib/gcc/riscv32-esp-elf/13.2.0/rv32imafc_zicsr_zifencei/ilp32f/:/home/phill/.espressif/tools/riscv32-esp-elf/esp-13.2.0_20240530/riscv32-esp-elf/bin/../lib/gcc/riscv32-esp-elf/13.2.0/../../../../riscv32-esp-elf/lib/rv32imafc_zicsr_zifencei/ilp32f/:/home/phill/.espressif/tools/riscv32-esp-elf/esp-13.2.0_20240530/riscv32-esp-elf/bin/../riscv32-esp-elf/lib/rv32imafc_zicsr_zifencei/ilp32f/:/home/phill/.espressif/tools/riscv32-esp-elf/esp-13.2.0_20240530/riscv32-esp-elf/bin/../lib/gcc/riscv32-esp-elf/13.2.0/:/home/phill/.espressif/tools/riscv32-esp-elf/esp-13.2.0_20240530/riscv32-esp-elf/bin/../lib/gcc/:/home/phill/.espressif/tools/riscv32-esp-elf/esp-13.2.0_20240530/riscv32-esp-elf/bin/../lib/gcc/riscv32-esp-elf/13.2.0/../../../../riscv32-esp-elf/lib/:/home/phill/.espressif/tools/riscv32-esp-elf/esp-13.2.0_20240530/riscv32-esp-elf/bin/../riscv32-esp-elf/lib/:/home/phill/.espressif/tools/riscv32-esp-elf/esp-13.2.0_20240530/riscv32-esp-elf/bin/../riscv32-esp-elf/usr/lib/
COLLECT_GCC_OPTIONS='-march=rv32imafc_zicsr_zifencei_xesppie' '-mabi=ilp32f' '-v' '-o' 'CMakeFiles/cmTC_37dc1.dir/CMakeCCompilerABI.c.obj' '-c' '-misa-spec=20191213' '-march=rv32imafc_zicsr_zifencei_xesppie' '-dumpdir' 'CMakeFiles/cmTC_37dc1.dir/CMakeCCompilerABI.c.'
Linking C executable cmTC_37dc1
/usr/bin/cmake -E cmake_link_script CMakeFiles/cmTC_37dc1.dir/link.txt --verbose=1
/home/phill/.espressif/tools/riscv32-esp-elf/esp-13.2.0_20240530/riscv32-esp-elf/bin/riscv32-esp-elf-gcc -march=rv32imafc_zicsr_zifencei_xesppie -mabi=ilp32f   -nostartfiles -march=rv32imafc_zicsr_zifencei_xesppie -mabi=ilp32f --specs=nosys.specs  -v CMakeFiles/cmTC_37dc1.dir/CMakeCCompilerABI.c.obj -o cmTC_37dc1 
Using built-in specs.
Reading specs from /home/phill/.espressif/tools/riscv32-esp-elf/esp-13.2.0_20240530/riscv32-esp-elf/bin/../lib/gcc/riscv32-esp-elf/13.2.0/../../../../riscv32-esp-elf/lib/nosys.specs
rename spec link_gcc_c_sequence to nosys_link_gcc_c_sequence
COLLECT_GCC=/home/phill/.espressif/tools/riscv32-esp-elf/esp-13.2.0_20240530/riscv32-esp-elf/bin/riscv32-esp-elf-gcc
COLLECT_LTO_WRAPPER=/home/phill/.espressif/tools/riscv32-esp-elf/esp-13.2.0_20240530/riscv32-esp-elf/bin/../libexec/gcc/riscv32-esp-elf/13.2.0/lto-wrapper
Target: riscv32-esp-elf
Configured with: /builds/idf/crosstool-NG/.build/HOST-aarch64-linux-gnu/riscv32-esp-elf/src/gcc/configure --build=x86_64-build_pc-linux-gnu --host=aarch64-host_unknown-linux-gnu --target=riscv32-esp-elf --prefix=/builds/idf/crosstool-NG/builds/riscv32-esp-elf --exec_prefix=/builds/idf/crosstool-NG/builds/riscv32-esp-elf --with-local-prefix=/builds/idf/crosstool-NG/builds/riscv32-esp-elf/riscv32-esp-elf --with-sysroot=/builds/idf/crosstool-NG/builds/riscv32-esp-elf/riscv32-esp-elf --with-native-system-header-dir=/include --with-newlib --enable-threads=no --disable-shared --with-arch=rv32gc --with-abi=ilp32 --with-pkgversion='crosstool-NG esp-13.2.0_20240530' --disable-__cxa_atexit --enable-cxx-flags=-ffunction-sections --disable-libgomp --disable-libmudflap --disable-libmpx --disable-libssp --disable-libquadmath --disable-libquadmath-support --disable-libstdcxx-verbose --with-gmp=/builds/idf/crosstool-NG/.build/HOST-aarch64-linux-gnu/riscv32-esp-elf/buildtools/complibs-host --with-mpfr=/builds/idf/crosstool-NG/.build/HOST-aarch64-linux-gnu/riscv32-esp-elf/buildtools/complibs-host --with-mpc=/builds/idf/crosstool-NG/.build/HOST-aarch64-linux-gnu/riscv32-esp-elf/buildtools/complibs-host --with-isl=/builds/idf/crosstool-NG/.build/HOST-aarch64-linux-gnu/riscv32-esp-elf/buildtools/complibs-host --enable-lto --enable-target-optspace --without-long-double-128 --disable-nls --enable-multiarch --enable-languages=c,c++ --disable-libstdcxx-verbose --enable-threads=posix --enable-gcov-custom-rtio --enable-libstdcxx-time=yes
Thread model: posix
Supported LTO compression algorithms: zlib zstd
gcc version 13.2.0 (crosstool-NG esp-13.2.0_20240530) 
COMPILER_PATH=/home/phill/.espressif/tools/riscv32-esp-elf/esp-13.2.0_20240530/riscv32-esp-elf/bin/../libexec/gcc/riscv32-esp-elf/13.2.0/:/home/phill/.espressif/tools/riscv32-esp-elf/esp-13.2.0_20240530/riscv32-esp-elf/bin/../libexec/gcc/:/home/phill/.espressif/tools/riscv32-esp-elf/esp-13.2.0_20240530/riscv32-esp-elf/bin/../lib/gcc/riscv32-esp-elf/13.2.0/../../../../riscv32-esp-elf/bin/
LIBRARY_PATH=/home/phill/.espressif/tools/riscv32-esp-elf/esp-13.2.0_20240530/riscv32-esp-elf/bin/../lib/gcc/riscv32-esp-elf/13.2.0/rv32imafc_zicsr_zifencei/ilp32f/:/home/phill/.espressif/tools/riscv32-esp-elf/esp-13.2.0_20240530/riscv32-esp-elf/bin/../lib/gcc/riscv32-esp-elf/13.2.0/../../../../riscv32-esp-elf/lib/rv32imafc_zicsr_zifencei/ilp32f/:/home/phill/.espressif/tools/riscv32-esp-elf/esp-13.2.0_20240530/riscv32-esp-elf/bin/../riscv32-esp-elf/lib/rv32imafc_zicsr_zifencei/ilp32f/:/home/phill/.espressif/tools/riscv32-esp-elf/esp-13.2.0_20240530/riscv32-esp-elf/bin/../lib/gcc/riscv32-esp-elf/13.2.0/:/home/phill/.espressif/tools/riscv32-esp-elf/esp-13.2.0_20240530/riscv32-esp-elf/bin/../lib/gcc/:/home/phill/.espressif/tools/riscv32-esp-elf/esp-13.2.0_20240530/riscv32-esp-elf/bin/../lib/gcc/riscv32-esp-elf/13.2.0/../../../../riscv32-esp-elf/lib/:/home/phill/.espressif/tools/riscv32-esp-elf/esp-13.2.0_20240530/riscv32-esp-elf/bin/../riscv32-esp-elf/lib/:/home/phill/.espressif/tools/riscv32-esp-elf/esp-13.2.0_20240530/riscv32-esp-elf/bin/../riscv32-esp-elf/usr/lib/
COLLECT_GCC_OPTIONS='-nostartfiles' '-march=rv32imafc_zicsr_zifencei_xesppie' '-mabi=ilp32f' '-specs=nosys.specs' '-v' '-o' 'cmTC_37dc1' '-misa-spec=20191213' '-march=rv32imafc_zicsr_zifencei_xesppie' '-dumpdir' 'cmTC_37dc1.'
 /home/phill/.espressif/tools/riscv32-esp-elf/esp-13.2.0_20240530/riscv32-esp-elf/bin/../libexec/gcc/riscv32-esp-elf/13.2.0/collect2 -plugin /home/phill/.espressif/tools/riscv32-esp-elf/esp-13.2.0_20240530/riscv32-esp-elf/bin/../libexec/gcc/riscv32-esp-elf/13.2.0/liblto_plugin.so -plugin-opt=/home/phill/.espressif/tools/riscv32-esp-elf/esp-13.2.0_20240530/riscv32-esp-elf/bin/../libexec/gcc/riscv32-esp-elf/13.2.0/lto-wrapper -plugin-opt=-fresolution=/tmp/ccqergKy.res -plugin-opt=-pass-through=-lgcc -plugin-opt=-pass-through=-lc -plugin-opt=-pass-through=-lnosys -plugin-opt=-pass-through=-lc -plugin-opt=-pass-through=-lgcc -plugin-opt=-pass-through=-lgcc -plugin-opt=-pass-through=-lc -plugin-opt=-pass-through=-lnosys --sysroot=/home/phill/.espressif/tools/riscv32-esp-elf/esp-13.2.0_20240530/riscv32-esp-elf/bin/../riscv32-esp-elf -melf32lriscv -o cmTC_37dc1 -L/home/phill/.espressif/tools/riscv32-esp-elf/esp-13.2.0_20240530/riscv32-esp-elf/bin/../lib/gcc/riscv32-esp-elf/13.2.0/rv32imafc_zicsr_zifencei/ilp32f -L/home/phill/.espressif/tools/riscv32-esp-elf/esp-13.2.0_20240530/riscv32-esp-elf/bin/../lib/gcc/riscv32-esp-elf/13.2.0/../../../../riscv32-esp-elf/lib/rv32imafc_zicsr_zifencei/ilp32f -L/home/phill/.espressif/tools/riscv32-esp-elf/esp-13.2.0_20240530/riscv32-esp-elf/bin/../riscv32-esp-elf/lib/rv32imafc_zicsr_zifencei/ilp32f -L/home/phill/.espressif/tools/riscv32-esp-elf/esp-13.2.0_20240530/riscv32-esp-elf/bin/../lib/gcc/riscv32-esp-elf/13.2.0 -L/home/phill/.espressif/tools/riscv32-esp-elf/esp-13.2.0_20240530/riscv32-esp-elf/bin/../lib/gcc -L/home/phill/.espressif/tools/riscv32-esp-elf/esp-13.2.0_20240530/riscv32-esp-elf/bin/../lib/gcc/riscv32-esp-elf/13.2.0/../../../../riscv32-esp-elf/lib -L/home/phill/.espressif/tools/riscv32-esp-elf/esp-13.2.0_20240530/riscv32-esp-elf/bin/../riscv32-esp-elf/lib -L/home/phill/.espressif/tools/riscv32-esp-elf/esp-13.2.0_20240530/riscv32-esp-elf/bin/../riscv32-esp-elf/usr/lib CMakeFiles/cmTC_37dc1.dir/CMakeCCompilerABI.c.obj -lgcc -lc -lnosys -lc -lgcc --start-group -lgcc -lc -lnosys --end-group
/home/phill/.espressif/tools/riscv32-esp-elf/esp-13.2.0_20240530/riscv32-esp-elf/bin/../lib/gcc/riscv32-esp-elf/13.2.0/../../../../riscv32-esp-elf/bin/ld: warning: cannot find entry symbol _start; defaulting to 00010074
COLLECT_GCC_OPTIONS='-nostartfiles' '-march=rv32imafc_zicsr_zifencei_xesppie' '-mabi=ilp32f' '-specs=nosys.specs' '-v' '-o' 'cmTC_37dc1' '-misa-spec=20191213' '-march=rv32imafc_zicsr_zifencei_xesppie' '-dumpdir' 'cmTC_37dc1.'
gmake[1]: Leaving directory '/home/phill/wyEspAgentPay/example/build/CMakeFiles/CMakeTmp'



Parsed C implicit include dir info from above output: rv=done
  found start of include info
  found start of implicit include info
    add: [/home/phill/.espressif/tools/riscv32-esp-elf/esp-13.2.0_20240530/riscv32-esp-elf/bin/../lib/gcc/riscv32-esp-elf/13.2.0/include]
    add: [/home/phill/.espressif/tools/riscv32-esp-elf/esp-13.2.0_20240530/riscv32-esp-elf/bin/../lib/gcc/riscv32-esp-elf/13.2.0/include-fixed]
    add: [/home/phill/.espressif/tools/riscv32-esp-elf/esp-13.2.0_20240530/riscv32-esp-elf/bin/../lib/gcc/riscv32-esp-elf/13.2.0/../../../../riscv32-esp-elf/include]
  end of search list found
  collapse include dir [/home/phill/.espressif/tools/riscv32-esp-elf/esp-13.2.0_20240530/riscv32-esp-elf/bin/../lib/gcc/riscv32-esp-elf/13.2.0/include] ==> [/home/phill/.espressif/tools/riscv32-esp-elf/esp-13.2.0_20240530/riscv32-esp-elf/lib/gcc/riscv32-esp-elf/13.2.0/include]
  collapse include dir [/home/phill/.espressif/tools/riscv32-esp-elf/esp-13.2.0_20240530/riscv32-esp-elf/bin/../lib/gcc/riscv32-esp-elf/13.2.0/include-fixed] ==> [/home/phill/.espressif/tools/riscv32-esp-elf/esp-13.2.0_20240530/riscv32-esp-elf/lib/gcc/riscv32-esp-elf/13.2.0/include-fixed]
  collapse include dir [/home/phill/.espressif/tools/riscv32-esp-elf/esp-13.2.0_20240530/riscv32-esp-elf/bin/../lib/gcc/riscv32-esp-elf/13.2.0/../../../../riscv32-esp-elf/include] ==> [/home/phill/.espressif/tools/riscv32-esp-elf/esp-13.2.0_20240530/riscv32-esp-elf/riscv32-esp-elf/include]
  implicit include dirs: [/home/phill/.espressif/tools/riscv32-esp-elf/esp-13.2.0_20240530/riscv32-esp-elf/lib/gcc/riscv32-esp-elf/13.2.0/include;/home/phill/.espressif/tools/riscv32-esp-elf/esp-13.2.0_20240530/riscv32-esp-elf/lib/gcc/riscv32-esp-elf/13.2.0/include-fixed;/home/phill/.espressif/tools/riscv32-esp-elf/esp-13.2.0_20240530/riscv32-esp-elf/riscv32-esp-elf/include]


Parsed C implicit link information from above output:
  link line regex: [^( *|.*[/\])(riscv32-esp-elf-ld|CMAKE_LINK_STARTFILE-NOTFOUND|([^/\]+-)?ld|collect2)[^/\]*( |$)]
  ignore line: [Change Dir: /home/phill/wyEspAgentPay/example/build/CMakeFiles/CMakeTmp]
  ignore line: []
  ignore line: [Run Build Command(s):/usr/bin/gmake -f Makefile cmTC_37dc1/fast && /usr/bin/gmake  -f CMakeFiles/cmTC_37dc1.dir/build.make CMakeFiles/cmTC_37dc1.dir/build]
  ignore line: [gmake[1]: Entering directory '/home/phill/wyEspAgentPay/example/build/CMakeFiles/CMakeTmp']
  ignore line: [Building C object CMakeFiles/cmTC_37dc1.dir/CMakeCCompilerABI.c.obj]
  ignore line: [/home/phill/.espressif/tools/riscv32-esp-elf/esp-13.2.0_20240530/riscv32-esp-elf/bin/riscv32-esp-elf-gcc   -march=rv32imafc_zicsr_zifencei_xesppie -mabi=ilp32f     -v -o CMakeFiles/cmTC_37dc1.dir/CMakeCCompilerABI.c.obj -c /usr/share/cmake-3.22/Modules/CMakeCCompilerABI.c]
  ignore line: [Using built-in specs.]
  ignore line: [COLLECT_GCC=/home/phill/.espressif/tools/riscv32-esp-elf/esp-13.2.0_20240530/riscv32-esp-elf/bin/riscv32-esp-elf-gcc]
  ignore line: [Target: riscv32-esp-elf]
  ignore line: [Configured with: /builds/idf/crosstool-NG/.build/HOST-aarch64-linux-gnu/riscv32-esp-elf/src/gcc/configure --build=x86_64-build_pc-linux-gnu --host=aarch64-host_unknown-linux-gnu --target=riscv32-esp-elf --prefix=/builds/idf/crosstool-NG/builds/riscv32-esp-elf --exec_prefix=/builds/idf/crosstool-NG/builds/riscv32-esp-elf --with-local-prefix=/builds/idf/crosstool-NG/builds/riscv32-esp-elf/riscv32-esp-elf --with-sysroot=/builds/idf/crosstool-NG/builds/riscv32-esp-elf/riscv32-esp-elf --with-native-system-header-dir=/include --with-newlib --enable-threads=no --disable-shared --with-arch=rv32gc --with-abi=ilp32 --with-pkgversion='crosstool-NG esp-13.2.0_20240530' --disable-__cxa_atexit --enable-cxx-flags=-ffunction-sections --disable-libgomp --disable-libmudflap --disable-libmpx --disable-libssp --disable-libquadmath --disable-libquadmath-support --disable-libstdcxx-verbose --with-gmp=/builds/idf/crosstool-NG/.build/HOST-aarch64-linux-gnu/riscv32-esp-elf/buildtools/complibs-host --with-mpfr=/builds/idf/crosstool-NG/.build/HOST-aarch64-linux-gnu/riscv32-esp-elf/buildtools/complibs-host --with-mpc=/builds/idf/crosstool-NG/.build/HOST-aarch64-linux-gnu/riscv32-esp-elf/buildtools/complibs-host --with-isl=/builds/idf/crosstool-NG/.build/HOST-aarch64-linux-gnu/riscv32-esp-elf/buildtools/complibs-host --enable-lto --enable-target-optspace --without-long-double-128 --disable-nls --enable-multiarch --enable-languages=c c++ --disable-libstdcxx-verbose --enable-threads=posix --enable-gcov-custom-rtio --enable-libstdcxx-time=yes]
  ignore line: [Thread model: posix]
  ignore line: [Supported LTO compression algorithms: zlib zstd]
  ignore line: [gcc version 13.2.0 (crosstool-NG esp-13.2.0_20240530) ]
  ignore line: [COLLECT_GCC_OPTIONS='-march=rv32imafc_zicsr_zifencei_xesppie' '-mabi=ilp32f' '-v' '-o' 'CMakeFiles/cmTC_37dc1.dir/CMakeCCompilerABI.c.obj' '-c' '-misa-spec=20191213' '-march=rv32imafc_zicsr_zifencei_xesppie' '-dumpdir' 'CMakeFiles/cmTC_37dc1.dir/']
  ignore line: [ /home/phill/.espressif/tools/riscv32-esp-elf/esp-13.2.0_20240530/riscv32-esp-elf/bin/../libexec/gcc/riscv32-esp-elf/13.2.0/cc1 -quiet -v -imultilib rv32imafc_zicsr_zifencei/ilp32f -iprefix /home/phill/.espressif/tools/riscv32-esp-elf/esp-13.2.0_20240530/riscv32-esp-elf/bin/../lib/gcc/riscv32-esp-elf/13.2.0/ -isysroot /home/phill/.espressif/tools/riscv32-esp-elf/esp-13.2.0_20240530/riscv32-esp-elf/bin/../riscv32-esp-elf /usr/share/cmake-3.22/Modules/CMakeCCompilerABI.c -quiet -dumpdir CMakeFiles/cmTC_37dc1.dir/ -dumpbase CMakeCCompilerABI.c.c -dumpbase-ext .c -march=rv32imafc_zicsr_zifencei_xesppie -mabi=ilp32f -misa-spec=20191213 -march=rv32imafc_zicsr_zifencei_xesppie -version -o /tmp/ccmTsohB.s]
  ignore line: [GNU C17 (crosstool-NG esp-13.2.0_20240530) version 13.2.0 (riscv32-esp-elf)]
  ignore line: [	compiled by GNU C version 6.3.0 20170516  GMP version 6.2.1  MPFR version 4.2.1  MPC version 1.2.1  isl version isl-0.26-GMP]
  ignore line: []
  ignore line: [GGC heuristics: --param ggc-min-expand=100 --param ggc-min-heapsize=131072]
  ignore line: [ignoring duplicate directory "/home/phill/.espressif/tools/riscv32-esp-elf/esp-13.2.0_20240530/riscv32-esp-elf/bin/../lib/gcc/../../lib/gcc/riscv32-esp-elf/13.2.0/include"]
  ignore line: [ignoring nonexistent directory "/home/phill/.espressif/tools/riscv32-esp-elf/esp-13.2.0_20240530/riscv32-esp-elf/bin/../riscv32-esp-elf/builds/idf/crosstool-NG/builds/riscv32-esp-elf/riscv32-esp-elf/include"]
  ignore line: [ignoring duplicate directory "/home/phill/.espressif/tools/riscv32-esp-elf/esp-13.2.0_20240530/riscv32-esp-elf/bin/../lib/gcc/../../lib/gcc/riscv32-esp-elf/13.2.0/include-fixed"]
  ignore line: [ignoring duplicate directory "/home/phill/.espressif/tools/riscv32-esp-elf/esp-13.2.0_20240530/riscv32-esp-elf/bin/../lib/gcc/../../lib/gcc/riscv32-esp-elf/13.2.0/../../../../riscv32-esp-elf/include"]
  ignore line: [ignoring duplicate directory "/home/phill/.espressif/tools/riscv32-esp-elf/esp-13.2.0_20240530/riscv32-esp-elf/bin/../riscv32-esp-elf/include"]
  ignore line: [#include "..." search starts here:]
  ignore line: [#include <...> search starts here:]
  ignore line: [ /home/phill/.espressif/tools/riscv32-esp-elf/esp-13.2.0_20240530/riscv32-esp-elf/bin/../lib/gcc/riscv32-esp-elf/13.2.0/include]
  ignore line: [ /home/phill/.espressif/tools/riscv32-esp-elf/esp-13.2.0_20240530/riscv32-esp-elf/bin/../lib/gcc/riscv32-esp-elf/13.2.0/include-fixed]
  ignore line: [ /home/phill/.espressif/tools/riscv32-esp-elf/esp-13.2.0_20240530/riscv32-esp-elf/bin/../lib/gcc/riscv32-esp-elf/13.2.0/../../../../riscv32-esp-elf/include]
  ignore line: [End of search list.]
  ignore line: [Compiler executable checksum: 42457704b0c50327ce1b97c71567cc04]
  ignore line: [COLLECT_GCC_OPTIONS='-march=rv32imafc_zicsr_zifencei_xesppie' '-mabi=ilp32f' '-v' '-o' 'CMakeFiles/cmTC_37dc1.dir/CMakeCCompilerABI.c.obj' '-c' '-misa-spec=20191213' '-march=rv32imafc_zicsr_zifencei_xesppie' '-dumpdir' 'CMakeFiles/cmTC_37dc1.dir/']
  ignore line: [ /home/phill/.espressif/tools/riscv32-esp-elf/esp-13.2.0_20240530/riscv32-esp-elf/bin/../lib/gcc/riscv32-esp-elf/13.2.0/../../../../riscv32-esp-elf/bin/as -v --traditional-format -march=rv32imafc_zicsr_zifencei_xesppie -march=rv32imafc_zicsr_zifencei_xesppie -mabi=ilp32f -misa-spec=20191213 -o CMakeFiles/cmTC_37dc1.dir/CMakeCCompilerABI.c.obj /tmp/ccmTsohB.s]
  ignore line: [GNU assembler version 2.41 (riscv32-esp-elf) using BFD version (crosstool-NG esp-13.2.0_20240530) 2.41]
  ignore line: [COMPILER_PATH=/home/phill/.espressif/tools/riscv32-esp-elf/esp-13.2.0_20240530/riscv32-esp-elf/bin/../libexec/gcc/riscv32-esp-elf/13.2.0/:/home/phill/.espressif/tools/riscv32-esp-elf/esp-13.2.0_20240530/riscv32-esp-elf/bin/../libexec/gcc/:/home/phill/.espressif/tools/riscv32-esp-elf/esp-13.2.0_20240530/riscv32-esp-elf/bin/../lib/gcc/riscv32-esp-elf/13.2.0/../../../../riscv32-esp-elf/bin/]
  ignore line: [LIBRARY_PATH=/home/phill/.espressif/tools/riscv32-esp-elf/esp-13.2.0_20240530/riscv32-esp-elf/bin/../lib/gcc/riscv32-esp-elf/13.2.0/rv32imafc_zicsr_zifencei/ilp32f/:/home/phill/.espressif/tools/riscv32-esp-elf/esp-13.2.0_20240530/riscv32-esp-elf/bin/../lib/gcc/riscv32-esp-elf/13.2.0/../../../../riscv32-esp-elf/lib/rv32imafc_zicsr_zifencei/ilp32f/:/home/phill/.espressif/tools/riscv32-esp-elf/esp-13.2.0_20240530/riscv32-esp-elf/bin/../riscv32-esp-elf/lib/rv32imafc_zicsr_zifencei/ilp32f/:/home/phill/.espressif/tools/riscv32-esp-elf/esp-13.2.0_20240530/riscv32-esp-elf/bin/../lib/gcc/riscv32-esp-elf/13.2.0/:/home/phill/.espressif/tools/riscv32-esp-elf/esp-13.2.0_20240530/riscv32-esp-elf/bin/../lib/gcc/:/home/phill/.espressif/tools/riscv32-esp-elf/esp-13.2.0_20240530/riscv32-esp-elf/bin/../lib/gcc/riscv32-esp-elf/13.2.0/../../../../riscv32-esp-elf/lib/:/home/phill/.espressif/tools/riscv32-esp-elf/esp-13.2.0_20240530/riscv32-esp-elf/bin/../riscv32-esp-elf/lib/:/home/phill/.espressif/tools/riscv32-esp-elf/esp-13.2.0_20240530/riscv32-esp-elf/bin/../riscv32-esp-elf/usr/lib/]
  ignore line: [COLLECT_GCC_OPTIONS='-march=rv32imafc_zicsr_zifencei_xesppie' '-mabi=ilp32f' '-v' '-o' 'CMakeFiles/cmTC_37dc1.dir/CMakeCCompilerABI.c.obj' '-c' '-misa-spec=20191213' '-march=rv32imafc_zicsr_zifencei_xesppie' '-dumpdir' 'CMakeFiles/cmTC_37dc1.dir/CMakeCCompilerABI.c.']
  ignore line: [Linking C executable cmTC_37dc1]
  ignore line: [/usr/bin/cmake -E cmake_link_script CMakeFiles/cmTC_37dc1.dir/link.txt --verbose=1]
  ignore line: [/home/phill/.espressif/tools/riscv32-esp-elf/esp-13.2.0_20240530/riscv32-esp-elf/bin/riscv32-esp-elf-gcc -march=rv32imafc_zicsr_zifencei_xesppie -mabi=ilp32f   -nostartfiles -march=rv32imafc_zicsr_zifencei_xesppie -mabi=ilp32f --specs=nosys.specs  -v CMakeFiles/cmTC_37dc1.dir/CMakeCCompilerABI.c.obj -o cmTC_37dc1 ]
  ignore line: [Using built-in specs.]
  ignore line: [Reading specs from /home/phill/.espressif/tools/riscv32-esp-elf/esp-13.2.0_20240530/riscv32-esp-elf/bin/../lib/gcc/riscv32-esp-elf/13.2.0/../../../../riscv32-esp-elf/lib/nosys.specs]
  ignore line: [rename spec link_gcc_c_sequence to nosys_link_gcc_c_sequence]
  ignore line: [COLLECT_GCC=/home/phill/.espressif/tools/riscv32-esp-elf/esp-13.2.0_20240530/riscv32-esp-elf/bin/riscv32-esp-elf-gcc]
  ignore line: [COLLECT_LTO_WRAPPER=/home/phill/.espressif/tools/riscv32-esp-elf/esp-13.2.0_20240530/riscv32-esp-elf/bin/../libexec/gcc/riscv32-esp-elf/13.2.0/lto-wrapper]
  ignore line: [Target: riscv32-esp-elf]
  ignore line: [Configured with: /builds/idf/crosstool-NG/.build/HOST-aarch64-linux-gnu/riscv32-esp-elf/src/gcc/configure --build=x86_64-build_pc-linux-gnu --host=aarch64-host_unknown-linux-gnu --target=riscv32-esp-elf --prefix=/builds/idf/crosstool-NG/builds/riscv32-esp-elf --exec_prefix=/builds/idf/crosstool-NG/builds/riscv32-esp-elf --with-local-prefix=/builds/idf/crosstool-NG/builds/riscv32-esp-elf/riscv32-esp-elf --with-sysroot=/builds/idf/crosstool-NG/builds/riscv32-esp-elf/riscv32-esp-elf --with-native-system-header-dir=/include --with-newlib --enable-threads=no --disable-shared --with-arch=rv32gc --with-abi=ilp32 --with-pkgversion='crosstool-NG esp-13.2.0_20240530' --disable-__cxa_atexit --enable-cxx-flags=-ffunction-sections --disable-libgomp --disable-libmudflap --disable-libmpx --disable-libssp --disable-libquadmath --disable-libquadmath-support --disable-libstdcxx-verbose --with-gmp=/builds/idf/crosstool-NG/.build/HOST-aarch64-linux-gnu/riscv32-esp-elf/buildtools/complibs-host --with-mpfr=/builds/idf/crosstool-NG/.build/HOST-aarch64-linux-gnu/riscv32-esp-elf/buildtools/complibs-host --with-mpc=/builds/idf/crosstool-NG/.build/HOST-aarch64-linux-gnu/riscv32-esp-elf/buildtools/complibs-host --with-isl=/builds/idf/crosstool-NG/.build/HOST-aarch64-linux-gnu/riscv32-esp-elf/buildtools/complibs-host --enable-lto --enable-target-optspace --without-long-double-128 --disable-nls --enable-multiarch --enable-languages=c c++ --disable-libstdcxx-verbose --enable-threads=posix --enable-gcov-custom-rtio --enable-libstdcxx-time=yes]
  ignore line: [Thread model: posix]
  ignore line: [Supported LTO compression algorithms: zlib zstd]
  ignore line: [gcc version 13.2.0 (crosstool-NG esp-13.2.0_20240530) ]
  ignore line: [COMPILER_PATH=/home/phill/.espressif/tools/riscv32-esp-elf/esp-13.2.0_20240530/riscv32-esp-elf/bin/../libexec/gcc/riscv32-esp-elf/13.2.0/:/home/phill/.espressif/tools/riscv32-esp-elf/esp-13.2.0_20240530/riscv32-esp-elf/bin/../libexec/gcc/:/home/phill/.espressif/tools/riscv32-esp-elf/esp-13.2.0_20240530/riscv32-esp-elf/bin/../lib/gcc/riscv32-esp-elf/13.2.0/../../../../riscv32-esp-elf/bin/]
  ignore line: [LIBRARY_PATH=/home/phill/.espressif/tools/riscv32-esp-elf/esp-13.2.0_20240530/riscv32-esp-elf/bin/../lib/gcc/riscv32-esp-elf/13.2.0/rv32imafc_zicsr_zifencei/ilp32f/:/home/phill/.espressif/tools/riscv32-esp-elf/esp-13.2.0_20240530/riscv32-esp-elf/bin/../lib/gcc/riscv32-esp-elf/13.2.0/../../../../riscv32-esp-elf/lib/rv32imafc_zicsr_zifencei/ilp32f/:/home/phill/.espressif/tools/riscv32-esp-elf/esp-13.2.0_20240530/riscv32-esp-elf/bin/../riscv32-esp-elf/lib/rv32imafc_zicsr_zifencei/ilp32f/:/home/phill/.espressif/tools/riscv32-esp-elf/esp-13.2.0_20240530/riscv32-esp-elf/bin/../lib/gcc/riscv32-esp-elf/13.2.0/:/home/phill/.espressif/tools/riscv32-esp-elf/esp-13.2.0_20240530/riscv32-esp-elf/bin/../lib/gcc/:/home/phill/.espressif/tools/riscv32-esp-elf/esp-13.2.0_20240530/riscv32-esp-elf/bin/../lib/gcc/riscv32-esp-elf/13.2.0/../../../../riscv32-esp-elf/lib/:/home/phill/.espressif/tools/riscv32-esp-elf/esp-13.2.0_20240530/riscv32-esp-elf/bin/../riscv32-esp-elf/lib/:/home/phill/.espressif/tools/riscv32-esp-elf/esp-13.2.0_20240530/riscv32-esp-elf/bin/../riscv32-esp-elf/usr/lib/]
  ignore line: [COLLECT_GCC_OPTIONS='-nostartfiles' '-march=rv32imafc_zicsr_zifencei_xesppie' '-mabi=ilp32f' '-specs=nosys.specs' '-v' '-o' 'cmTC_37dc1' '-misa-spec=20191213' '-march=rv32imafc_zicsr_zifencei_xesppie' '-dumpdir' 'cmTC_37dc1.']
  link line: [ /home/phill/.espressif/tools/riscv32-esp-elf/esp-13.2.0_20240530/riscv32-esp-elf/bin/../libexec/gcc/riscv32-esp-elf/13.2.0/collect2 -plugin /home/phill/.espressif/tools/riscv32-esp-elf/esp-13.2.0_20240530/riscv32-esp-elf/bin/../libexec/gcc/riscv32-esp-elf/13.2.0/liblto_plugin.so -plugin-opt=/home/phill/.espressif/tools/riscv32-esp-elf/esp-13.2.0_20240530/riscv32-esp-elf/bin/../libexec/gcc/riscv32-esp-elf/13.2.0/lto-wrapper -plugin-opt=-fresolution=/tmp/ccqergKy.res -plugin-opt=-pass-through=-lgcc -plugin-opt=-pass-through=-lc -plugin-opt=-pass-through=-lnosys -plugin-opt=-pass-through=-lc -plugin-opt=-pass-through=-lgcc -plugin-opt=-pass-through=-lgcc -plugin-opt=-pass-through=-lc -plugin-opt=-pass-through=-lnosys --sysroot=/home/phill/.espressif/tools/riscv32-esp-elf/esp-13.2.0_20240530/riscv32-esp-elf/bin/../riscv32-esp-elf -melf32lriscv -o cmTC_37dc1 -L/home/phill/.espressif/tools/riscv32-esp-elf/esp-13.2.0_20240530/riscv32-esp-elf/bin/../lib/gcc/riscv32-esp-elf/13.2.0/rv32imafc_zicsr_zifencei/ilp32f -L/home/phill/.espressif/tools/riscv32-esp-elf/esp-13.2.0_20240530/riscv32-esp-elf/bin/../lib/gcc/riscv32-esp-elf/13.2.0/../../../../riscv32-esp-elf/lib/rv32imafc_zicsr_zifencei/ilp32f -L/home/phill/.espressif/tools/riscv32-esp-elf/esp-13.2.0_20240530/riscv32-esp-elf/bin/../riscv32-esp-elf/lib/rv32imafc_zicsr_zifencei/ilp32f -L/home/phill/.espressif/tools/riscv32-esp-elf/esp-13.2.0_20240530/riscv32-esp-elf/bin/../lib/gcc/riscv32-esp-elf/13.2.0 -L/home/phill/.espressif/tools/riscv32-esp-elf/esp-13.2.0_20240530/riscv32-esp-elf/bin/../lib/gcc -L/home/phill/.espressif/tools/riscv32-esp-elf/esp-13.2.0_20240530/riscv32-esp-elf/bin/../lib/gcc/riscv32-esp-elf/13.2.0/../../../../riscv32-esp-elf/lib -L/home/phill/.espressif/tools/riscv32-esp-elf/esp-13.2.0_20240530/riscv32-esp-elf/bin/../riscv32-esp-elf/lib -L/home/phill/.espressif/tools/riscv32-esp-elf/esp-13.2.0_20240530/riscv32-esp-elf/bin/../riscv32-esp-elf/usr/lib CMakeFiles/cmTC_37dc1.dir/CMakeCCompilerABI.c.obj -lgcc -lc -lnosys -lc -lgcc --start-group -lgcc -lc -lnosys --end-group]
    arg [/home/phill/.espressif/tools/riscv32-esp-elf/esp-13.2.0_20240530/riscv32-esp-elf/bin/../libexec/gcc/riscv32-esp-elf/13.2.0/collect2] ==> ignore
    arg [-plugin] ==> ignore
    arg [/home/phill/.espressif/tools/riscv32-esp-elf/esp-13.2.0_20240530/riscv32-esp-elf/bin/../libexec/gcc/riscv32-esp-elf/13.2.0/liblto_plugin.so] ==> ignore
    arg [-plugin-opt=/home/phill/.espressif/tools/riscv32-esp-elf/esp-13.2.0_20240530/riscv32-esp-elf/bin/../libexec/gcc/riscv32-esp-elf/13.2.0/lto-wrapper] ==> ignore
    arg [-plugin-opt=-fresolution=/tmp/ccqergKy.res] ==> ignore
    arg [-plugin-opt=-pass-through=-lgcc] ==> ignore
    arg [-plugin-opt=-pass-through=-lc] ==> ignore
    arg [-plugin-opt=-pass-through=-lnosys] ==> ignore
    arg [-plugin-opt=-pass-through=-lc] ==> ignore
    arg [-plugin-opt=-pass-through=-lgcc] ==> ignore
    arg [-plugin-opt=-pass-through=-lgcc] ==> ignore
    arg [-plugin-opt=-pass-through=-lc] ==> ignore
    arg [-plugin-opt=-pass-through=-lnosys] ==> ignore
    arg [--sysroot=/home/phill/.espressif/tools/riscv32-esp-elf/esp-13.2.0_20240530/riscv32-esp-elf/bin/../riscv32-esp-elf] ==> ignore
    arg [-melf32lriscv] ==> ignore
    arg [-o] ==> ignore
    arg [cmTC_37dc1] ==> ignore
    arg [-L/home/phill/.espressif/tools/riscv32-esp-elf/esp-13.2.0_20240530/riscv32-esp-elf/bin/../lib/gcc/riscv32-esp-elf/13.2.0/rv32imafc_zicsr_zifencei/ilp32f] ==> dir [/home/phill/.espressif/tools/riscv32-esp-elf/esp-13.2.0_20240530/riscv32-esp-elf/bin/../lib/gcc/riscv32-esp-elf/13.2.0/rv32imafc_zicsr_zifencei/ilp32f]
    arg [-L/home/phill/.espressif/tools/riscv32-esp-elf/esp-13.2.0_20240530/riscv32-esp-elf/bin/../lib/gcc/riscv32-esp-elf/13.2.0/../../../../riscv32-esp-elf/lib/rv32imafc_zicsr_zifencei/ilp32f] ==> dir [/home/phill/.espressif/tools/riscv32-esp-elf/esp-13.2.0_20240530/riscv32-esp-elf/bin/../lib/gcc/riscv32-esp-elf/13.2.0/../../../../riscv32-esp-elf/lib/rv32imafc_zicsr_zifencei/ilp32f]
    arg [-L/home/phill/.espressif/tools/riscv32-esp-elf/esp-13.2.0_20240530/riscv32-esp-elf/bin/../riscv32-esp-elf/lib/rv32imafc_zicsr_zifencei/ilp32f] ==> dir [/home/phill/.espressif/tools/riscv32-esp-elf/esp-13.2.0_20240530/riscv32-esp-elf/bin/../riscv32-esp-elf/lib/rv32imafc_zicsr_zifencei/ilp32f]
    arg [-L/home/phill/.espressif/tools/riscv32-esp-elf/esp-13.2.0_20240530/riscv32-esp-elf/bin/../lib/gcc/riscv32-esp-elf/13.2.0] ==> dir [/home/phill/.espressif/tools/riscv32-esp-elf/esp-13.2.0_20240530/riscv32-esp-elf/bin/../lib/gcc/riscv32-esp-elf/13.2.0]
    arg [-L/home/phill/.espressif/tools/riscv32-esp-elf/esp-13.2.0_20240530/riscv32-esp-elf/bin/../lib/gcc] ==> dir [/home/phill/.espressif/tools/riscv32-esp-elf/esp-13.2.0_20240530/riscv32-esp-elf/bin/../lib/gcc]
    arg [-L/home/phill/.espressif/tools/riscv32-esp-elf/esp-13.2.0_20240530/riscv32-esp-elf/bin/../lib/gcc/riscv32-esp-elf/13.2.0/../../../../riscv32-esp-elf/lib] ==> dir [/home/phill/.espressif/tools/riscv32-esp-elf/esp-13.2.0_20240530/riscv32-esp-elf/bin/../lib/gcc/riscv32-esp-elf/13.2.0/../../../../riscv32-esp-elf/lib]
    arg [-L/home/phill/.espressif/tools/riscv32-esp-elf/esp-13.2.0_20240530/riscv32-esp-elf/bin/../riscv32-esp-elf/lib] ==> dir [/home/phill/.espressif/tools/riscv32-esp-elf/esp-13.2.0_20240530/riscv32-esp-elf/bin/../riscv32-esp-elf/lib]
    arg [-L/home/phill/.espressif/tools/riscv32-esp-elf/esp-13.2.0_20240530/riscv32-esp-elf/bin/../riscv32-esp-elf/usr/lib] ==> dir [/home/phill/.espressif/tools/riscv32-esp-elf/esp-13.2.0_20240530/riscv32-esp-elf/bin/../riscv32-esp-elf/usr/lib]
    arg [CMakeFiles/cmTC_37dc1.dir/CMakeCCompilerABI.c.obj] ==> ignore
    arg [-lgcc] ==> lib [gcc]
    arg [-lc] ==> lib [c]
    arg [-lnosys] ==> lib [nosys]
    arg [-lc] ==> lib [c]
    arg [-lgcc] ==> lib [gcc]
    arg [--start-group] ==> ignore
    arg [-lgcc] ==> lib [gcc]
    arg [-lc] ==> lib [c]
    arg [-lnosys] ==> lib [nosys]
    arg [--end-group] ==> ignore
  collapse library dir [/home/phill/.espressif/tools/riscv32-esp-elf/esp-13.2.0_20240530/riscv32-esp-elf/bin/../lib/gcc/riscv32-esp-elf/13.2.0/rv32imafc_zicsr_zifencei/ilp32f] ==> [/home/phill/.espressif/tools/riscv32-esp-elf/esp-13.2.0_20240530/riscv32-esp-elf/lib/gcc/riscv32-esp-elf/13.2.0/rv32imafc_zicsr_zifencei/ilp32f]
  collapse library dir [/home/phill/.espressif/tools/riscv32-esp-elf/esp-13.2.0_20240530/riscv32-esp-elf/bin/../lib/gcc/riscv32-esp-elf/13.2.0/../../../../riscv32-esp-elf/lib/rv32imafc_zicsr_zifencei/ilp32f] ==> [/home/phill/.espressif/tools/riscv32-esp-elf/esp-13.2.0_20240530/riscv32-esp-elf/riscv32-esp-elf/lib/rv32imafc_zicsr_zifencei/ilp32f]
  collapse library dir [/home/phill/.espressif/tools/riscv32-esp-elf/esp-13.2.0_20240530/riscv32-esp-elf/bin/../riscv32-esp-elf/lib/rv32imafc_zicsr_zifencei/ilp32f] ==> [/home/phill/.espressif/tools/riscv32-esp-elf/esp-13.2.0_20240530/riscv32-esp-elf/riscv32-esp-elf/lib/rv32imafc_zicsr_zifencei/ilp32f]
  collapse library dir [/home/phill/.espressif/tools/riscv32-esp-elf/esp-13.2.0_20240530/riscv32-esp-elf/bin/../lib/gcc/riscv32-esp-elf/13.2.0] ==> [/home/phill/.espressif/tools/riscv32-esp-elf/esp-13.2.0_20240530/riscv32-esp-elf/lib/gcc/riscv32-esp-elf/13.2.0]
  collapse library dir [/home/phill/.espressif/tools/riscv32-esp-elf/esp-13.2.0_20240530/riscv32-esp-elf/bin/../lib/gcc] ==> [/home/phill/.espressif/tools/riscv32-esp-elf/esp-13.2.0_20240530/riscv32-esp-elf/lib/gcc]
  collapse library dir [/home/phill/.espressif/tools/riscv32-esp-elf/esp-13.2.0_20240530/riscv32-esp-elf/bin/../lib/gcc/riscv32-esp-elf/13.2.0/../../../../riscv32-esp-elf/lib] ==> [/home/phill/.espressif/tools/riscv32-esp-elf/esp-13.2.0_20240530/riscv32-esp-elf/riscv32-esp-elf/lib]
  collapse library dir [/home/phill/.espressif/tools/riscv32-esp-elf/esp-13.2.0_20240530/riscv32-esp-elf/bin/../riscv32-esp-elf/lib] ==> [/home/phill/.espressif/tools/riscv32-esp-elf/esp-13.2.0_20240530/riscv32-esp-elf/riscv32-esp-elf/lib]
  collapse library dir [/home/phill/.espressif/tools/riscv32-esp-elf/esp-13.2.0_20240530/riscv32-esp-elf/bin/../riscv32-esp-elf/usr/lib] ==> [/home/phill/.espressif/tools/riscv32-esp-elf/esp-13.2.0_20240530/riscv32-esp-elf/riscv32-esp-elf/usr/lib]
  implicit libs: [gcc;c;nosys;c;gcc;gcc;c;nosys]
  implicit objs: []
  implicit dirs: [/home/phill/.espressif/tools/riscv32-esp-elf/esp-13.2.0_20240530/riscv32-esp-elf/lib/gcc/riscv32-esp-elf/13.2.0/rv32imafc_zicsr_zifencei/ilp32f;/home/phill/.espressif/tools/riscv32-esp-elf/esp-13.2.0_20240530/riscv32-esp-elf/riscv32-esp-elf/lib/rv32imafc_zicsr_zifencei/ilp32f;/home/phill/.espressif/tools/riscv32-esp-elf/esp-13.2.0_20240530/riscv32-esp-elf/lib/gcc/riscv32-esp-elf/13.2.0;/home/phill/.espressif/tools/riscv32-esp-elf/esp-13.2.0_20240530/riscv32-esp-elf/lib/gcc;/home/phill/.espressif/tools/riscv32-esp-elf/esp-13.2.0_20240530/riscv32-esp-elf/riscv32-esp-elf/lib;/home/phill/.espressif/tools/riscv32-esp-elf/esp-13.2.0_20240530/riscv32-esp-elf/riscv32-esp-elf/usr/lib]
  implicit fwks: []


Detecting CXX compiler ABI info compiled with the following output:
Change Dir: /home/phill/wyEspAgentPay/example/build/CMakeFiles/CMakeTmp

Run Build Command(s):/usr/bin/gmake -f Makefile cmTC_57ab9/fast && /usr/bin/gmake  -f CMakeFiles/cmTC_57ab9.dir/build.make CMakeFiles/cmTC_57ab9.dir/build
gmake[1]: Entering directory '/home/phill/wyEspAgentPay/example/build/CMakeFiles/CMakeTmp'
Building CXX object CMakeFiles/cmTC_57ab9.dir/CMakeCXXCompilerABI.cpp.obj
/home/phill/.espressif/tools/riscv32-esp-elf/esp-13.2.0_20240530/riscv32-esp-elf/bin/riscv32-esp-elf-g++   -march=rv32imafc_zicsr_zifencei_xesppie -mabi=ilp32f     -v -o CMakeFiles/cmTC_57ab9.dir/CMakeCXXCompilerABI.cpp.obj -c /usr/share/cmake-3.22/Modules/CMakeCXXCompilerABI.cpp
Using built-in specs.
COLLECT_GCC=/home/phill/.espressif/tools/riscv32-esp-elf/esp-13.2.0_20240530/riscv32-esp-elf/bin/riscv32-esp-elf-g++
Target: riscv32-esp-elf
Configured with: /builds/idf/crosstool-NG/.build/HOST-aarch64-linux-gnu/riscv32-esp-elf/src/gcc/configure --build=x86_64-build_pc-linux-gnu --host=aarch64-host_unknown-linux-gnu --target=riscv32-esp-elf --prefix=/builds/idf/crosstool-NG/builds/riscv32-esp-elf --exec_prefix=/builds/idf/crosstool-NG/builds/riscv32-esp-elf --with-local-prefix=/builds/idf/crosstool-NG/builds/riscv32-esp-elf/riscv32-esp-elf --with-sysroot=/builds/idf/crosstool-NG/builds/riscv32-esp-elf/riscv32-esp-elf --with-native-system-header-dir=/include --with-newlib --enable-threads=no --disable-shared --with-arch=rv32gc --with-abi=ilp32 --with-pkgversion='crosstool-NG esp-13.2.0_20240530' --disable-__cxa_atexit --enable-cxx-flags=-ffunction-sections --disable-libgomp --disable-libmudflap --disable-libmpx --disable-libssp --disable-libquadmath --disable-libquadmath-support --disable-libstdcxx-verbose --with-gmp=/builds/idf/crosstool-NG/.build/HOST-aarch64-linux-gnu/riscv32-esp-elf/buildtools/complibs-host --with-mpfr=/builds/idf/crosstool-NG/.build/HOST-aarch64-linux-gnu/riscv32-esp-elf/buildtools/complibs-host --with-mpc=/builds/idf/crosstool-NG/.build/HOST-aarch64-linux-gnu/riscv32-esp-elf/buildtools/complibs-host --with-isl=/builds/idf/crosstool-NG/.build/HOST-aarch64-linux-gnu/riscv32-esp-elf/buildtools/complibs-host --enable-lto --enable-target-optspace --without-long-double-128 --disable-nls --enable-multiarch --enable-languages=c,c++ --disable-libstdcxx-verbose --enable-threads=posix --enable-gcov-custom-rtio --enable-libstdcxx-time=yes
Thread model: posix
Supported LTO compression algorithms: zlib zstd
gcc version 13.2.0 (crosstool-NG esp-13.2.0_20240530) 
COLLECT_GCC_OPTIONS='-march=rv32imafc_zicsr_zifencei_xesppie' '-mabi=ilp32f' '-v' '-o' 'CMakeFiles/cmTC_57ab9.dir/CMakeCXXCompilerABI.cpp.obj' '-c' '-misa-spec=20191213' '-march=rv32imafc_zicsr_zifencei_xesppie' '-dumpdir' 'CMakeFiles/cmTC_57ab9.dir/'
 /home/phill/.espressif/tools/riscv32-esp-elf/esp-13.2.0_20240530/riscv32-esp-elf/bin/../libexec/gcc/riscv32-esp-elf/13.2.0/cc1plus -quiet -v -imultilib rv32imafc_zicsr_zifencei/ilp32f -iprefix /home/phill/.espressif/tools/riscv32-esp-elf/esp-13.2.0_20240530/riscv32-esp-elf/bin/../lib/gcc/riscv32-esp-elf/13.2.0/ -isysroot /home/phill/.espressif/tools/riscv32-esp-elf/esp-13.2.0_20240530/riscv32-esp-elf/bin/../riscv32-esp-elf /usr/share/cmake-3.22/Modules/CMakeCXXCompilerABI.cpp -quiet -dumpdir CMakeFiles/cmTC_57ab9.dir/ -dumpbase CMakeCXXCompilerABI.cpp.cpp -dumpbase-ext .cpp -march=rv32imafc_zicsr_zifencei_xesppie -mabi=ilp32f -misa-spec=20191213 -march=rv32imafc_zicsr_zifencei_xesppie -version -o /tmp/cc6xYcld.s
GNU C++17 (crosstool-NG esp-13.2.0_20240530) version 13.2.0 (riscv32-esp-elf)
	compiled by GNU C version 6.3.0 20170516, GMP version 6.2.1, MPFR version 4.2.1, MPC version 1.2.1, isl version isl-0.26-GMP

GGC heuristics: --param ggc-min-expand=100 --param ggc-min-heapsize=131072
ignoring duplicate directory "/home/phill/.espressif/tools/riscv32-esp-elf/esp-13.2.0_20240530/riscv32-esp-elf/bin/../lib/gcc/../../lib/gcc/riscv32-esp-elf/13.2.0/../../../../riscv32-esp-elf/include/c++/13.2.0"
ignoring duplicate directory "/home/phill/.espressif/tools/riscv32-esp-elf/esp-13.2.0_20240530/riscv32-esp-elf/bin/../lib/gcc/../../lib/gcc/riscv32-esp-elf/13.2.0/../../../../riscv32-esp-elf/include/c++/13.2.0/riscv32-esp-elf/rv32imafc_zicsr_zifencei/ilp32f"
ignoring duplicate directory "/home/phill/.espressif/tools/riscv32-esp-elf/esp-13.2.0_20240530/riscv32-esp-elf/bin/../lib/gcc/../../lib/gcc/riscv32-esp-elf/13.2.0/../../../../riscv32-esp-elf/include/c++/13.2.0/backward"
ignoring duplicate directory "/home/phill/.espressif/tools/riscv32-esp-elf/esp-13.2.0_20240530/riscv32-esp-elf/bin/../lib/gcc/../../lib/gcc/riscv32-esp-elf/13.2.0/include"
ignoring nonexistent directory "/home/phill/.espressif/tools/riscv32-esp-elf/esp-13.2.0_20240530/riscv32-esp-elf/bin/../riscv32-esp-elf/builds/idf/crosstool-NG/builds/riscv32-esp-elf/riscv32-esp-elf/include"
ignoring duplicate directory "/home/phill/.espressif/tools/riscv32-esp-elf/esp-13.2.0_20240530/riscv32-esp-elf/bin/../lib/gcc/../../lib/gcc/riscv32-esp-elf/13.2.0/include-fixed"
ignoring duplicate directory "/home/phill/.espressif/tools/riscv32-esp-elf/esp-13.2.0_20240530/riscv32-esp-elf/bin/../lib/gcc/../../lib/gcc/riscv32-esp-elf/13.2.0/../../../../riscv32-esp-elf/include"
ignoring duplicate directory "/home/phill/.espressif/tools/riscv32-esp-elf/esp-13.2.0_20240530/riscv32-esp-elf/bin/../riscv32-esp-elf/include"
#include "..." search starts here:
#include <...> search starts here:
 /home/phill/.espressif/tools/riscv32-esp-elf/esp-13.2.0_20240530/riscv32-esp-elf/bin/../lib/gcc/riscv32-esp-elf/13.2.0/../../../../riscv32-esp-elf/include/c++/13.2.0
 /home/phill/.espressif/tools/riscv32-esp-elf/esp-13.2.0_20240530/riscv32-esp-elf/bin/../lib/gcc/riscv32-esp-elf/13.2.0/../../../../riscv32-esp-elf/include/c++/13.2.0/riscv32-esp-elf/rv32imafc_zicsr_zifencei/ilp32f
 /home/phill/.espressif/tools/riscv32-esp-elf/esp-13.2.0_20240530/riscv32-esp-elf/bin/../lib/gcc/riscv32-esp-elf/13.2.0/../../../../riscv32-esp-elf/include/c++/13.2.0/backward
 /home/phill/.espressif/tools/riscv32-esp-elf/esp-13.2.0_20240530/riscv32-esp-elf/bin/../lib/gcc/riscv32-esp-elf/13.2.0/include
 /home/phill/.espressif/tools/riscv32-esp-elf/esp-13.2.0_20240530/riscv32-esp-elf/bin/../lib/gcc/riscv32-esp-elf/13.2.0/include-fixed
 /home/phill/.espressif/tools/riscv32-esp-elf/esp-13.2.0_20240530/riscv32-esp-elf/bin/../lib/gcc/riscv32-esp-elf/13.2.0/../../../../riscv32-esp-elf/include
End of search list.
Compiler executable checksum: a7d8489793fb44cc22bf35c369a62157
COLLECT_GCC_OPTIONS='-march=rv32imafc_zicsr_zifencei_xesppie' '-mabi=ilp32f' '-v' '-o' 'CMakeFiles/cmTC_57ab9.dir/CMakeCXXCompilerABI.cpp.obj' '-c' '-misa-spec=20191213' '-march=rv32imafc_zicsr_zifencei_xesppie' '-dumpdir' 'CMakeFiles/cmTC_57ab9.dir/'
 /home/phill/.espressif/tools/riscv32-esp-elf/esp-13.2.0_20240530/riscv32-esp-elf/bin/../lib/gcc/riscv32-esp-elf/13.2.0/../../../../riscv32-esp-elf/bin/as -v --traditional-format -march=rv32imafc_zicsr_zifencei_xesppie -march=rv32imafc_zicsr_zifencei_xesppie -mabi=ilp32f -misa-spec=20191213 -o CMakeFiles/cmTC_57ab9.dir/CMakeCXXCompilerABI.cpp.obj /tmp/cc6xYcld.s
GNU assembler version 2.41 (riscv32-esp-elf) using BFD version (crosstool-NG esp-13.2.0_20240530) 2.41
COMPILER_PATH=/home/phill/.espressif/tools/riscv32-esp-elf/esp-13.2.0_20240530/riscv32-esp-elf/bin/../libexec/gcc/riscv32-esp-elf/13.2.0/:/home/phill/.espressif/tools/riscv32-esp-elf/esp-13.2.0_20240530/riscv32-esp-elf/bin/../libexec/gcc/:/home/phill/.espressif/tools/riscv32-esp-elf/esp-13.2.0_20240530/riscv32-esp-elf/bin/../lib/gcc/riscv32-esp-elf/13.2.0/../../../../riscv32-esp-elf/bin/
LIBRARY_PATH=/home/phill/.espressif/tools/riscv32-esp-elf/esp-13.2.0_20240530/riscv32-esp-elf/bin/../lib/gcc/riscv32-esp-elf/13.2.0/rv32imafc_zicsr_zifencei/ilp32f/:/home/phill/.espressif/tools/riscv32-esp-elf/esp-13.2.0_20240530/riscv32-esp-elf/bin/../lib/gcc/riscv32-esp-elf/13.2.0/../../../../riscv32-esp-elf/lib/rv32imafc_zicsr_zifencei/ilp32f/:/home/phill/.espressif/tools/riscv32-esp-elf/esp-13.2.0_20240530/riscv32-esp-elf/bin/../riscv32-esp-elf/lib/rv32imafc_zicsr_zifencei/ilp32f/:/home/phill/.espressif/tools/riscv32-esp-elf/esp-13.2.0_20240530/riscv32-esp-elf/bin/../lib/gcc/riscv32-esp-elf/13.2.0/:/home/phill/.espressif/tools/riscv32-esp-elf/esp-13.2.0_20240530/riscv32-esp-elf/bin/../lib/gcc/:/home/phill/.espressif/tools/riscv32-esp-elf/esp-13.2.0_20240530/riscv32-esp-elf/bin/../lib/gcc/riscv32-esp-elf/13.2.0/../../../../riscv32-esp-elf/lib/:/home/phill/.espressif/tools/riscv32-esp-elf/esp-13.2.0_20240530/riscv32-esp-elf/bin/../riscv32-esp-elf/lib/:/home/phill/.espressif/tools/riscv32-esp-elf/esp-13.2.0_20240530/riscv32-esp-elf/bin/../riscv32-esp-elf/usr/lib/
COLLECT_GCC_OPTIONS='-march=rv32imafc_zicsr_zifencei_xesppie' '-mabi=ilp32f' '-v' '-o' 'CMakeFiles/cmTC_57ab9.dir/CMakeCXXCompilerABI.cpp.obj' '-c' '-misa-spec=20191213' '-march=rv32imafc_zicsr_zifencei_xesppie' '-dumpdir' 'CMakeFiles/cmTC_57ab9.dir/CMakeCXXCompilerABI.cpp.'
Linking CXX executable cmTC_57ab9
/usr/bin/cmake -E cmake_link_script CMakeFiles/cmTC_57ab9.dir/link.txt --verbose=1
/home/phill/.espressif/tools/riscv32-esp-elf/esp-13.2.0_20240530/riscv32-esp-elf/bin/riscv32-esp-elf-g++ -march=rv32imafc_zicsr_zifencei_xesppie -mabi=ilp32f   -nostartfiles -march=rv32imafc_zicsr_zifencei_xesppie -mabi=ilp32f --specs=nosys.specs  -v CMakeFiles/cmTC_57ab9.dir/CMakeCXXCompilerABI.cpp.obj -o cmTC_57ab9 
Using built-in specs.
Reading specs from /home/phill/.espressif/tools/riscv32-esp-elf/esp-13.2.0_20240530/riscv32-esp-elf/bin/../lib/gcc/riscv32-esp-elf/13.2.0/../../../../riscv32-esp-elf/lib/nosys.specs
rename spec link_gcc_c_sequence to nosys_link_gcc_c_sequence
COLLECT_GCC=/home/phill/.espressif/tools/riscv32-esp-elf/esp-13.2.0_20240530/riscv32-esp-elf/bin/riscv32-esp-elf-g++
COLLECT_LTO_WRAPPER=/home/phill/.espressif/tools/riscv32-esp-elf/esp-13.2.0_20240530/riscv32-esp-elf/bin/../libexec/gcc/riscv32-esp-elf/13.2.0/lto-wrapper
Target: riscv32-esp-elf
Configured with: /builds/idf/crosstool-NG/.build/HOST-aarch64-linux-gnu/riscv32-esp-elf/src/gcc/configure --build=x86_64-build_pc-linux-gnu --host=aarch64-host_unknown-linux-gnu --target=riscv32-esp-elf --prefix=/builds/idf/crosstool-NG/builds/riscv32-esp-elf --exec_prefix=/builds/idf/crosstool-NG/builds/riscv32-esp-elf --with-local-prefix=/builds/idf/crosstool-NG/builds/riscv32-esp-elf/riscv32-esp-elf --with-sysroot=/builds/idf/crosstool-NG/builds/riscv32-esp-elf/riscv32-esp-elf --with-native-system-header-dir=/include --with-newlib --enable-threads=no --disable-shared --with-arch=rv32gc --with-abi=ilp32 --with-pkgversion='crosstool-NG esp-13.2.0_20240530' --disable-__cxa_atexit --enable-cxx-flags=-ffunction-sections --disable-libgomp --disable-libmudflap --disable-libmpx --disable-libssp --disable-libquadmath --disable-libquadmath-support --disable-libstdcxx-verbose --with-gmp=/builds/idf/crosstool-NG/.build/HOST-aarch64-linux-gnu/riscv32-esp-elf/buildtools/complibs-host --with-mpfr=/builds/idf/crosstool-NG/.build/HOST-aarch64-linux-gnu/riscv32-esp-elf/buildtools/complibs-host --with-mpc=/builds/idf/crosstool-NG/.build/HOST-aarch64-linux-gnu/riscv32-esp-elf/buildtools/complibs-host --with-isl=/builds/idf/crosstool-NG/.build/HOST-aarch64-linux-gnu/riscv32-esp-elf/buildtools/complibs-host --enable-lto --enable-target-optspace --without-long-double-128 --disable-nls --enable-multiarch --enable-languages=c,c++ --disable-libstdcxx-verbose --enable-threads=posix --enable-gcov-custom-rtio --enable-libstdcxx-time=yes
Thread model: posix
Supported LTO compression algorithms: zlib zstd
gcc version 13.2.0 (crosstool-NG esp-13.2.0_20240530) 
COMPILER_PATH=/home/phill/.espressif/tools/riscv32-esp-elf/esp-13.2.0_20240530/riscv32-esp-elf/bin/../libexec/gcc/riscv32-esp-elf/13.2.0/:/home/phill/.espressif/tools/riscv32-esp-elf/esp-13.2.0_20240530/riscv32-esp-elf/bin/../libexec/gcc/:/home/phill/.espressif/tools/riscv32-esp-elf/esp-13.2.0_20240530/riscv32-esp-elf/bin/../lib/gcc/riscv32-esp-elf/13.2.0/../../../../riscv32-esp-elf/bin/
LIBRARY_PATH=/home/phill/.espressif/tools/riscv32-esp-elf/esp-13.2.0_20240530/riscv32-esp-elf/bin/../lib/gcc/riscv32-esp-elf/13.2.0/rv32imafc_zicsr_zifencei/ilp32f/:/home/phill/.espressif/tools/riscv32-esp-elf/esp-13.2.0_20240530/riscv32-esp-elf/bin/../lib/gcc/riscv32-esp-elf/13.2.0/../../../../riscv32-esp-elf/lib/rv32imafc_zicsr_zifencei/ilp32f/:/home/phill/.espressif/tools/riscv32-esp-elf/esp-13.2.0_20240530/riscv32-esp-elf/bin/../riscv32-esp-elf/lib/rv32imafc_zicsr_zifencei/ilp32f/:/home/phill/.espressif/tools/riscv32-esp-elf/esp-13.2.0_20240530/riscv32-esp-elf/bin/../lib/gcc/riscv32-esp-elf/13.2.0/:/home/phill/.espressif/tools/riscv32-esp-elf/esp-13.2.0_20240530/riscv32-esp-elf/bin/../lib/gcc/:/home/phill/.espressif/tools/riscv32-esp-elf/esp-13.2.0_20240530/riscv32-esp-elf/bin/../lib/gcc/riscv32-esp-elf/13.2.0/../../../../riscv32-esp-elf/lib/:/home/phill/.espressif/tools/riscv32-esp-elf/esp-13.2.0_20240530/riscv32-esp-elf/bin/../riscv32-esp-elf/lib/:/home/phill/.espressif/tools/riscv32-esp-elf/esp-13.2.0_20240530/riscv32-esp-elf/bin/../riscv32-esp-elf/usr/lib/
COLLECT_GCC_OPTIONS='-nostartfiles' '-march=rv32imafc_zicsr_zifencei_xesppie' '-mabi=ilp32f' '-specs=nosys.specs' '-v' '-o' 'cmTC_57ab9' '-misa-spec=20191213' '-march=rv32imafc_zicsr_zifencei_xesppie' '-dumpdir' 'cmTC_57ab9.'
 /home/phill/.espressif/tools/riscv32-esp-elf/esp-13.2.0_20240530/riscv32-esp-elf/bin/../libexec/gcc/riscv32-esp-elf/13.2.0/collect2 -plugin /home/phill/.espressif/tools/riscv32-esp-elf/esp-13.2.0_20240530/riscv32-esp-elf/bin/../libexec/gcc/riscv32-esp-elf/13.2.0/liblto_plugin.so -plugin-opt=/home/phill/.espressif/tools/riscv32-esp-elf/esp-13.2.0_20240530/riscv32-esp-elf/bin/../libexec/gcc/riscv32-esp-elf/13.2.0/lto-wrapper -plugin-opt=-fresolution=/tmp/ccmkQahw.res -plugin-opt=-pass-through=-lgcc -plugin-opt=-pass-through=-lc -plugin-opt=-pass-through=-lnosys -plugin-opt=-pass-through=-lc -plugin-opt=-pass-through=-lgcc -plugin-opt=-pass-through=-lgcc -plugin-opt=-pass-through=-lc -plugin-opt=-pass-through=-lnosys --sysroot=/home/phill/.espressif/tools/riscv32-esp-elf/esp-13.2.0_20240530/riscv32-esp-elf/bin/../riscv32-esp-elf -melf32lriscv -o cmTC_57ab9 -L/home/phill/.espressif/tools/riscv32-esp-elf/esp-13.2.0_20240530/riscv32-esp-elf/bin/../lib/gcc/riscv32-esp-elf/13.2.0/rv32imafc_zicsr_zifencei/ilp32f -L/home/phill/.espressif/tools/riscv32-esp-elf/esp-13.2.0_20240530/riscv32-esp-elf/bin/../lib/gcc/riscv32-esp-elf/13.2.0/../../../../riscv32-esp-elf/lib/rv32imafc_zicsr_zifencei/ilp32f -L/home/phill/.espressif/tools/riscv32-esp-elf/esp-13.2.0_20240530/riscv32-esp-elf/bin/../riscv32-esp-elf/lib/rv32imafc_zicsr_zifencei/ilp32f -L/home/phill/.espressif/tools/riscv32-esp-elf/esp-13.2.0_20240530/riscv32-esp-elf/bin/../lib/gcc/riscv32-esp-elf/13.2.0 -L/home/phill/.espressif/tools/riscv32-esp-elf/esp-13.2.0_20240530/riscv32-esp-elf/bin/../lib/gcc -L/home/phill/.espressif/tools/riscv32-esp-elf/esp-13.2.0_20240530/riscv32-esp-elf/bin/../lib/gcc/riscv32-esp-elf/13.2.0/../../../../riscv32-esp-elf/lib -L/home/phill/.espressif/tools/riscv32-esp-elf/esp-13.2.0_20240530/riscv32-esp-elf/bin/../riscv32-esp-elf/lib -L/home/phill/.espressif/tools/riscv32-esp-elf/esp-13.2.0_20240530/riscv32-esp-elf/bin/../riscv32-esp-elf/usr/lib CMakeFiles/cmTC_57ab9.dir/CMakeCXXCompilerABI.cpp.obj -lstdc++ -lm -lgcc -lc -lnosys -lc -lgcc --start-group -lgcc -lc -lnosys --end-group
/home/phill/.espressif/tools/riscv32-esp-elf/esp-13.2.0_20240530/riscv32-esp-elf/bin/../lib/gcc/riscv32-esp-elf/13.2.0/../../../../riscv32-esp-elf/bin/ld: warning: cannot find entry symbol _start; defaulting to 00010074
COLLECT_GCC_OPTIONS='-nostartfiles' '-march=rv32imafc_zicsr_zifencei_xesppie' '-mabi=ilp32f' '-specs=nosys.specs' '-v' '-o' 'cmTC_57ab9' '-misa-spec=20191213' '-march=rv32imafc_zicsr_zifencei_xesppie' '-dumpdir' 'cmTC_57ab9.'
gmake[1]: Leaving directory '/home/phill/wyEspAgentPay/example/build/CMakeFiles/CMakeTmp'



Parsed CXX implicit include dir info from above output: rv=done
  found start of include info
  found start of implicit include info
    add: [/home/phill/.espressif/tools/riscv32-esp-elf/esp-13.2.0_20240530/riscv32-esp-elf/bin/../lib/gcc/riscv32-esp-elf/13.2.0/../../../../riscv32-esp-elf/include/c++/13.2.0]
    add: [/home/phill/.espressif/tools/riscv32-esp-elf/esp-13.2.0_20240530/riscv32-esp-elf/bin/../lib/gcc/riscv32-esp-elf/13.2.0/../../../../riscv32-esp-elf/include/c++/13.2.0/riscv32-esp-elf/rv32imafc_zicsr_zifencei/ilp32f]
    add: [/home/phill/.espressif/tools/riscv32-esp-elf/esp-13.2.0_20240530/riscv32-esp-elf/bin/../lib/gcc/riscv32-esp-elf/13.2.0/../../../../riscv32-esp-elf/include/c++/13.2.0/backward]
    add: [/home/phill/.espressif/tools/riscv32-esp-elf/esp-13.2.0_20240530/riscv32-esp-elf/bin/../lib/gcc/riscv32-esp-elf/13.2.0/include]
    add: [/home/phill/.espressif/tools/riscv32-esp-elf/esp-13.2.0_20240530/riscv32-esp-elf/bin/../lib/gcc/riscv32-esp-elf/13.2.0/include-fixed]
    add: [/home/phill/.espressif/tools/riscv32-esp-elf/esp-13.2.0_20240530/riscv32-esp-elf/bin/../lib/gcc/riscv32-esp-elf/13.2.0/../../../../riscv32-esp-elf/include]
  end of search list found
  collapse include dir [/home/phill/.espressif/tools/riscv32-esp-elf/esp-13.2.0_20240530/riscv32-esp-elf/bin/../lib/gcc/riscv32-esp-elf/13.2.0/../../../../riscv32-esp-elf/include/c++/13.2.0] ==> [/home/phill/.espressif/tools/riscv32-esp-elf/esp-13.2.0_20240530/riscv32-esp-elf/riscv32-esp-elf/include/c++/13.2.0]
  collapse include dir [/home/phill/.espressif/tools/riscv32-esp-elf/esp-13.2.0_20240530/riscv32-esp-elf/bin/../lib/gcc/riscv32-esp-elf/13.2.0/../../../../riscv32-esp-elf/include/c++/13.2.0/riscv32-esp-elf/rv32imafc_zicsr_zifencei/ilp32f] ==> [/home/phill/.espressif/tools/riscv32-esp-elf/esp-13.2.0_20240530/riscv32-esp-elf/riscv32-esp-elf/include/c++/13.2.0/riscv32-esp-elf/rv32imafc_zicsr_zifencei/ilp32f]
  collapse include dir [/home/phill/.espressif/tools/riscv32-esp-elf/esp-13.2.0_20240530/riscv32-esp-elf/bin/../lib/gcc/riscv32-esp-elf/13.2.0/../../../../riscv32-esp-elf/include/c++/13.2.0/backward] ==> [/home/phill/.espressif/tools/riscv32-esp-elf/esp-13.2.0_20240530/riscv32-esp-elf/riscv32-esp-elf/include/c++/13.2.0/backward]
  collapse include dir [/home/phill/.espressif/tools/riscv32-esp-elf/esp-13.2.0_20240530/riscv32-esp-elf/bin/../lib/gcc/riscv32-esp-elf/13.2.0/include] ==> [/home/phill/.espressif/tools/riscv32-esp-elf/esp-13.2.0_20240530/riscv32-esp-elf/lib/gcc/riscv32-esp-elf/13.2.0/include]
  collapse include dir [/home/phill/.espressif/tools/riscv32-esp-elf/esp-13.2.0_20240530/riscv32-esp-elf/bin/../lib/gcc/riscv32-esp-elf/13.2.0/include-fixed] ==> [/home/phill/.espressif/tools/riscv32-esp-elf/esp-13.2.0_20240530/riscv32-esp-elf/lib/gcc/riscv32-esp-elf/13.2.0/include-fixed]
  collapse include dir [/home/phill/.espressif/tools/riscv32-esp-elf/esp-13.2.0_20240530/riscv32-esp-elf/bin/../lib/gcc/riscv32-esp-elf/13.2.0/../../../../riscv32-esp-elf/include] ==> [/home/phill/.espressif/tools/riscv32-esp-elf/esp-13.2.0_20240530/riscv32-esp-elf/riscv32-esp-elf/include]
  implicit include dirs: [/home/phill/.espressif/tools/riscv32-esp-elf/esp-13.2.0_20240530/riscv32-esp-elf/riscv32-esp-elf/include/c++/13.2.0;/home/phill/.espressif/tools/riscv32-esp-elf/esp-13.2.0_20240530/riscv32-esp-elf/riscv32-esp-elf/include/c++/13.2.0/riscv32-esp-elf/rv32imafc_zicsr_zifencei/ilp32f;/home/phill/.espressif/tools/riscv32-esp-elf/esp-13.2.0_20240530/riscv32-esp-elf/riscv32-esp-elf/include/c++/13.2.0/backward;/home/phill/.espressif/tools/riscv32-esp-elf/esp-13.2.0_20240530/riscv32-esp-elf/lib/gcc/riscv32-esp-elf/13.2.0/include;/home/phill/.espressif/tools/riscv32-esp-elf/esp-13.2.0_20240530/riscv32-esp-elf/lib/gcc/riscv32-esp-elf/13.2.0/include-fixed;/home/phill/.espressif/tools/riscv32-esp-elf/esp-13.2.0_20240530/riscv32-esp-elf/riscv32-esp-elf/include]


Parsed CXX implicit link information from above output:
  link line regex: [^( *|.*[/\])(riscv32-esp-elf-ld|CMAKE_LINK_STARTFILE-NOTFOUND|([^/\]+-)?ld|collect2)[^/\]*( |$)]
  ignore line: [Change Dir: /home/phill/wyEspAgentPay/example/build/CMakeFiles/CMakeTmp]
  ignore line: []
  ignore line: [Run Build Command(s):/usr/bin/gmake -f Makefile cmTC_57ab9/fast && /usr/bin/gmake  -f CMakeFiles/cmTC_57ab9.dir/build.make CMakeFiles/cmTC_57ab9.dir/build]
  ignore line: [gmake[1]: Entering directory '/home/phill/wyEspAgentPay/example/build/CMakeFiles/CMakeTmp']
  ignore line: [Building CXX object CMakeFiles/cmTC_57ab9.dir/CMakeCXXCompilerABI.cpp.obj]
  ignore line: [/home/phill/.espressif/tools/riscv32-esp-elf/esp-13.2.0_20240530/riscv32-esp-elf/bin/riscv32-esp-elf-g++   -march=rv32imafc_zicsr_zifencei_xesppie -mabi=ilp32f     -v -o CMakeFiles/cmTC_57ab9.dir/CMakeCXXCompilerABI.cpp.obj -c /usr/share/cmake-3.22/Modules/CMakeCXXCompilerABI.cpp]
  ignore line: [Using built-in specs.]
  ignore line: [COLLECT_GCC=/home/phill/.espressif/tools/riscv32-esp-elf/esp-13.2.0_20240530/riscv32-esp-elf/bin/riscv32-esp-elf-g++]
  ignore line: [Target: riscv32-esp-elf]
  ignore line: [Configured with: /builds/idf/crosstool-NG/.build/HOST-aarch64-linux-gnu/riscv32-esp-elf/src/gcc/configure --build=x86_64-build_pc-linux-gnu --host=aarch64-host_unknown-linux-gnu --target=riscv32-esp-elf --prefix=/builds/idf/crosstool-NG/builds/riscv32-esp-elf --exec_prefix=/builds/idf/crosstool-NG/builds/riscv32-esp-elf --with-local-prefix=/builds/idf/crosstool-NG/builds/riscv32-esp-elf/riscv32-esp-elf --with-sysroot=/builds/idf/crosstool-NG/builds/riscv32-esp-elf/riscv32-esp-elf --with-native-system-header-dir=/include --with-newlib --enable-threads=no --disable-shared --with-arch=rv32gc --with-abi=ilp32 --with-pkgversion='crosstool-NG esp-13.2.0_20240530' --disable-__cxa_atexit --enable-cxx-flags=-ffunction-sections --disable-libgomp --disable-libmudflap --disable-libmpx --disable-libssp --disable-libquadmath --disable-libquadmath-support --disable-libstdcxx-verbose --with-gmp=/builds/idf/crosstool-NG/.build/HOST-aarch64-linux-gnu/riscv32-esp-elf/buildtools/complibs-host --with-mpfr=/builds/idf/crosstool-NG/.build/HOST-aarch64-linux-gnu/riscv32-esp-elf/buildtools/complibs-host --with-mpc=/builds/idf/crosstool-NG/.build/HOST-aarch64-linux-gnu/riscv32-esp-elf/buildtools/complibs-host --with-isl=/builds/idf/crosstool-NG/.build/HOST-aarch64-linux-gnu/riscv32-esp-elf/buildtools/complibs-host --enable-lto --enable-target-optspace --without-long-double-128 --disable-nls --enable-multiarch --enable-languages=c c++ --disable-libstdcxx-verbose --enable-threads=posix --enable-gcov-custom-rtio --enable-libstdcxx-time=yes]
  ignore line: [Thread model: posix]
  ignore line: [Supported LTO compression algorithms: zlib zstd]
  ignore line: [gcc version 13.2.0 (crosstool-NG esp-13.2.0_20240530) ]
  ignore line: [COLLECT_GCC_OPTIONS='-march=rv32imafc_zicsr_zifencei_xesppie' '-mabi=ilp32f' '-v' '-o' 'CMakeFiles/cmTC_57ab9.dir/CMakeCXXCompilerABI.cpp.obj' '-c' '-misa-spec=20191213' '-march=rv32imafc_zicsr_zifencei_xesppie' '-dumpdir' 'CMakeFiles/cmTC_57ab9.dir/']
  ignore line: [ /home/phill/.espressif/tools/riscv32-esp-elf/esp-13.2.0_20240530/riscv32-esp-elf/bin/../libexec/gcc/riscv32-esp-elf/13.2.0/cc1plus -quiet -v -imultilib rv32imafc_zicsr_zifencei/ilp32f -iprefix /home/phill/.espressif/tools/riscv32-esp-elf/esp-13.2.0_20240530/riscv32-esp-elf/bin/../lib/gcc/riscv32-esp-elf/13.2.0/ -isysroot /home/phill/.espressif/tools/riscv32-esp-elf/esp-13.2.0_20240530/riscv32-esp-elf/bin/../riscv32-esp-elf /usr/share/cmake-3.22/Modules/CMakeCXXCompilerABI.cpp -quiet -dumpdir CMakeFiles/cmTC_57ab9.dir/ -dumpbase CMakeCXXCompilerABI.cpp.cpp -dumpbase-ext .cpp -march=rv32imafc_zicsr_zifencei_xesppie -mabi=ilp32f -misa-spec=20191213 -march=rv32imafc_zicsr_zifencei_xesppie -version -o /tmp/cc6xYcld.s]
  ignore line: [GNU C++17 (crosstool-NG esp-13.2.0_20240530) version 13.2.0 (riscv32-esp-elf)]
  ignore line: [	compiled by GNU C version 6.3.0 20170516  GMP version 6.2.1  MPFR version 4.2.1  MPC version 1.2.1  isl version isl-0.26-GMP]
  ignore line: []
  ignore line: [GGC heuristics: --param ggc-min-expand=100 --param ggc-min-heapsize=131072]
  ignore line: [ignoring duplicate directory "/home/phill/.espressif/tools/riscv32-esp-elf/esp-13.2.0_20240530/riscv32-esp-elf/bin/../lib/gcc/../../lib/gcc/riscv32-esp-elf/13.2.0/../../../../riscv32-esp-elf/include/c++/13.2.0"]
  ignore line: [ignoring duplicate directory "/home/phill/.espressif/tools/riscv32-esp-elf/esp-13.2.0_20240530/riscv32-esp-elf/bin/../lib/gcc/../../lib/gcc/riscv32-esp-elf/13.2.0/../../../../riscv32-esp-elf/include/c++/13.2.0/riscv32-esp-elf/rv32imafc_zicsr_zifencei/ilp32f"]
  ignore line: [ignoring duplicate directory "/home/phill/.espressif/tools/riscv32-esp-elf/esp-13.2.0_20240530/riscv32-esp-elf/bin/../lib/gcc/../../lib/gcc/riscv32-esp-elf/13.2.0/../../../../riscv32-esp-elf/include/c++/13.2.0/backward"]
  ignore line: [ignoring duplicate directory "/home/phill/.espressif/tools/riscv32-esp-elf/esp-13.2.0_20240530/riscv32-esp-elf/bin/../lib/gcc/../../lib/gcc/riscv32-esp-elf/13.2.0/include"]
  ignore line: [ignoring nonexistent directory "/home/phill/.espressif/tools/riscv32-esp-elf/esp-13.2.0_20240530/riscv32-esp-elf/bin/../riscv32-esp-elf/builds/idf/crosstool-NG/builds/riscv32-esp-elf/riscv32-esp-elf/include"]
  ignore line: [ignoring duplicate directory "/home/phill/.espressif/tools/riscv32-esp-elf/esp-13.2.0_20240530/riscv32-esp-elf/bin/../lib/gcc/../../lib/gcc/riscv32-esp-elf/13.2.0/include-fixed"]
  ignore line: [ignoring duplicate directory "/home/phill/.espressif/tools/riscv32-esp-elf/esp-13.2.0_20240530/riscv32-esp-elf/bin/../lib/gcc/../../lib/gcc/riscv32-esp-elf/13.2.0/../../../../riscv32-esp-elf/include"]
  ignore line: [ignoring duplicate directory "/home/phill/.espressif/tools/riscv32-esp-elf/esp-13.2.0_20240530/riscv32-esp-elf/bin/../riscv32-esp-elf/include"]
  ignore line: [#include "..." search starts here:]
  ignore line: [#include <...> search starts here:]
  ignore line: [ /home/phill/.espressif/tools/riscv32-esp-elf/esp-13.2.0_20240530/riscv32-esp-elf/bin/../lib/gcc/riscv32-esp-elf/13.2.0/../../../../riscv32-esp-elf/include/c++/13.2.0]
  ignore line: [ /home/phill/.espressif/tools/riscv32-esp-elf/esp-13.2.0_20240530/riscv32-esp-elf/bin/../lib/gcc/riscv32-esp-elf/13.2.0/../../../../riscv32-esp-elf/include/c++/13.2.0/riscv32-esp-elf/rv32imafc_zicsr_zifencei/ilp32f]
  ignore line: [ /home/phill/.espressif/tools/riscv32-esp-elf/esp-13.2.0_20240530/riscv32-esp-elf/bin/../lib/gcc/riscv32-esp-elf/13.2.0/../../../../riscv32-esp-elf/include/c++/13.2.0/backward]
  ignore line: [ /home/phill/.espressif/tools/riscv32-esp-elf/esp-13.2.0_20240530/riscv32-esp-elf/bin/../lib/gcc/riscv32-esp-elf/13.2.0/include]
  ignore line: [ /home/phill/.espressif/tools/riscv32-esp-elf/esp-13.2.0_20240530/riscv32-esp-elf/bin/../lib/gcc/riscv32-esp-elf/13.2.0/include-fixed]
  ignore line: [ /home/phill/.espressif/tools/riscv32-esp-elf/esp-13.2.0_20240530/riscv32-esp-elf/bin/../lib/gcc/riscv32-esp-elf/13.2.0/../../../../riscv32-esp-elf/include]
  ignore line: [End of search list.]
  ignore line: [Compiler executable checksum: a7d8489793fb44cc22bf35c369a62157]
  ignore line: [COLLECT_GCC_OPTIONS='-march=rv32imafc_zicsr_zifencei_xesppie' '-mabi=ilp32f' '-v' '-o' 'CMakeFiles/cmTC_57ab9.dir/CMakeCXXCompilerABI.cpp.obj' '-c' '-misa-spec=20191213' '-march=rv32imafc_zicsr_zifencei_xesppie' '-dumpdir' 'CMakeFiles/cmTC_57ab9.dir/']
  ignore line: [ /home/phill/.espressif/tools/riscv32-esp-elf/esp-13.2.0_20240530/riscv32-esp-elf/bin/../lib/gcc/riscv32-esp-elf/13.2.0/../../../../riscv32-esp-elf/bin/as -v --traditional-format -march=rv32imafc_zicsr_zifencei_xesppie -march=rv32imafc_zicsr_zifencei_xesppie -mabi=ilp32f -misa-spec=20191213 -o CMakeFiles/cmTC_57ab9.dir/CMakeCXXCompilerABI.cpp.obj /tmp/cc6xYcld.s]
  ignore line: [GNU assembler version 2.41 (riscv32-esp-elf) using BFD version (crosstool-NG esp-13.2.0_20240530) 2.41]
  ignore line: [COMPILER_PATH=/home/phill/.espressif/tools/riscv32-esp-elf/esp-13.2.0_20240530/riscv32-esp-elf/bin/../libexec/gcc/riscv32-esp-elf/13.2.0/:/home/phill/.espressif/tools/riscv32-esp-elf/esp-13.2.0_20240530/riscv32-esp-elf/bin/../libexec/gcc/:/home/phill/.espressif/tools/riscv32-esp-elf/esp-13.2.0_20240530/riscv32-esp-elf/bin/../lib/gcc/riscv32-esp-elf/13.2.0/../../../../riscv32-esp-elf/bin/]
  ignore line: [LIBRARY_PATH=/home/phill/.espressif/tools/riscv32-esp-elf/esp-13.2.0_20240530/riscv32-esp-elf/bin/../lib/gcc/riscv32-esp-elf/13.2.0/rv32imafc_zicsr_zifencei/ilp32f/:/home/phill/.espressif/tools/riscv32-esp-elf/esp-13.2.0_20240530/riscv32-esp-elf/bin/../lib/gcc/riscv32-esp-elf/13.2.0/../../../../riscv32-esp-elf/lib/rv32imafc_zicsr_zifencei/ilp32f/:/home/phill/.espressif/tools/riscv32-esp-elf/esp-13.2.0_20240530/riscv32-esp-elf/bin/../riscv32-esp-elf/lib/rv32imafc_zicsr_zifencei/ilp32f/:/home/phill/.espressif/tools/riscv32-esp-elf/esp-13.2.0_20240530/riscv32-esp-elf/bin/../lib/gcc/riscv32-esp-elf/13.2.0/:/home/phill/.espressif/tools/riscv32-esp-elf/esp-13.2.0_20240530/riscv32-esp-elf/bin/../lib/gcc/:/home/phill/.espressif/tools/riscv32-esp-elf/esp-13.2.0_20240530/riscv32-esp-elf/bin/../lib/gcc/riscv32-esp-elf/13.2.0/../../../../riscv32-esp-elf/lib/:/home/phill/.espressif/tools/riscv32-esp-elf/esp-13.2.0_20240530/riscv32-esp-elf/bin/../riscv32-esp-elf/lib/:/home/phill/.espressif/tools/riscv32-esp-elf/esp-13.2.0_20240530/riscv32-esp-elf/bin/../riscv32-esp-elf/usr/lib/]
  ignore line: [COLLECT_GCC_OPTIONS='-march=rv32imafc_zicsr_zifencei_xesppie' '-mabi=ilp32f' '-v' '-o' 'CMakeFiles/cmTC_57ab9.dir/CMakeCXXCompilerABI.cpp.obj' '-c' '-misa-spec=20191213' '-march=rv32imafc_zicsr_zifencei_xesppie' '-dumpdir' 'CMakeFiles/cmTC_57ab9.dir/CMakeCXXCompilerABI.cpp.']
  ignore line: [Linking CXX executable cmTC_57ab9]
  ignore line: [/usr/bin/cmake -E cmake_link_script CMakeFiles/cmTC_57ab9.dir/link.txt --verbose=1]
  ignore line: [/home/phill/.espressif/tools/riscv32-esp-elf/esp-13.2.0_20240530/riscv32-esp-elf/bin/riscv32-esp-elf-g++ -march=rv32imafc_zicsr_zifencei_xesppie -mabi=ilp32f   -nostartfiles -march=rv32imafc_zicsr_zifencei_xesppie -mabi=ilp32f --specs=nosys.specs  -v CMakeFiles/cmTC_57ab9.dir/CMakeCXXCompilerABI.cpp.obj -o cmTC_57ab9 ]
  ignore line: [Using built-in specs.]
  ignore line: [Reading specs from /home/phill/.espressif/tools/riscv32-esp-elf/esp-13.2.0_20240530/riscv32-esp-elf/bin/../lib/gcc/riscv32-esp-elf/13.2.0/../../../../riscv32-esp-elf/lib/nosys.specs]
  ignore line: [rename spec link_gcc_c_sequence to nosys_link_gcc_c_sequence]
  ignore line: [COLLECT_GCC=/home/phill/.espressif/tools/riscv32-esp-elf/esp-13.2.0_20240530/riscv32-esp-elf/bin/riscv32-esp-elf-g++]
  ignore line: [COLLECT_LTO_WRAPPER=/home/phill/.espressif/tools/riscv32-esp-elf/esp-13.2.0_20240530/riscv32-esp-elf/bin/../libexec/gcc/riscv32-esp-elf/13.2.0/lto-wrapper]
  ignore line: [Target: riscv32-esp-elf]
  ignore line: [Configured with: /builds/idf/crosstool-NG/.build/HOST-aarch64-linux-gnu/riscv32-esp-elf/src/gcc/configure --build=x86_64-build_pc-linux-gnu --host=aarch64-host_unknown-linux-gnu --target=riscv32-esp-elf --prefix=/builds/idf/crosstool-NG/builds/riscv32-esp-elf --exec_prefix=/builds/idf/crosstool-NG/builds/riscv32-esp-elf --with-local-prefix=/builds/idf/crosstool-NG/builds/riscv32-esp-elf/riscv32-esp-elf --with-sysroot=/builds/idf/crosstool-NG/builds/riscv32-esp-elf/riscv32-esp-elf --with-native-system-header-dir=/include --with-newlib --enable-threads=no --disable-shared --with-arch=rv32gc --with-abi=ilp32 --with-pkgversion='crosstool-NG esp-13.2.0_20240530' --disable-__cxa_atexit --enable-cxx-flags=-ffunction-sections --disable-libgomp --disable-libmudflap --disable-libmpx --disable-libssp --disable-libquadmath --disable-libquadmath-support --disable-libstdcxx-verbose --with-gmp=/builds/idf/crosstool-NG/.build/HOST-aarch64-linux-gnu/riscv32-esp-elf/buildtools/complibs-host --with-mpfr=/builds/idf/crosstool-NG/.build/HOST-aarch64-linux-gnu/riscv32-esp-elf/buildtools/complibs-host --with-mpc=/builds/idf/crosstool-NG/.build/HOST-aarch64-linux-gnu/riscv32-esp-elf/buildtools/complibs-host --with-isl=/builds/idf/crosstool-NG/.build/HOST-aarch64-linux-gnu/riscv32-esp-elf/buildtools/complibs-host --enable-lto --enable-target-optspace --without-long-double-128 --disable-nls --enable-multiarch --enable-languages=c c++ --disable-libstdcxx-verbose --enable-threads=posix --enable-gcov-custom-rtio --enable-libstdcxx-time=yes]
  ignore line: [Thread model: posix]
  ignore line: [Supported LTO compression algorithms: zlib zstd]
  ignore line: [gcc version 13.2.0 (crosstool-NG esp-13.2.0_20240530) ]
  ignore line: [COMPILER_PATH=/home/phill/.espressif/tools/riscv32-esp-elf/esp-13.2.0_20240530/riscv32-esp-elf/bin/../libexec/gcc/riscv32-esp-elf/13.2.0/:/home/phill/.espressif/tools/riscv32-esp-elf/esp-13.2.0_20240530/riscv32-esp-elf/bin/../libexec/gcc/:/home/phill/.espressif/tools/riscv32-esp-elf/esp-13.2.0_20240530/riscv32-esp-elf/bin/../lib/gcc/riscv32-esp-elf/13.2.0/../../../../riscv32-esp-elf/bin/]
  ignore line: [LIBRARY_PATH=/home/phill/.espressif/tools/riscv32-esp-elf/esp-13.2.0_20240530/riscv32-esp-elf/bin/../lib/gcc/riscv32-esp-elf/13.2.0/rv32imafc_zicsr_zifencei/ilp32f/:/home/phill/.espressif/tools/riscv32-esp-elf/esp-13.2.0_20240530/riscv32-esp-elf/bin/../lib/gcc/riscv32-esp-elf/13.2.0/../../../../riscv32-esp-elf/lib/rv32imafc_zicsr_zifencei/ilp32f/:/home/phill/.espressif/tools/riscv32-esp-elf/esp-13.2.0_20240530/riscv32-esp-elf/bin/../riscv32-esp-elf/lib/rv32imafc_zicsr_zifencei/ilp32f/:/home/phill/.espressif/tools/riscv32-esp-elf/esp-13.2.0_20240530/riscv32-esp-elf/bin/../lib/gcc/riscv32-esp-elf/13.2.0/:/home/phill/.espressif/tools/riscv32-esp-elf/esp-13.2.0_20240530/riscv32-esp-elf/bin/../lib/gcc/:/home/phill/.espressif/tools/riscv32-esp-elf/esp-13.2.0_20240530/riscv32-esp-elf/bin/../lib/gcc/riscv32-esp-elf/13.2.0/../../../../riscv32-esp-elf/lib/:/home/phill/.espressif/tools/riscv32-esp-elf/esp-13.2.0_20240530/riscv32-esp-elf/bin/../riscv32-esp-elf/lib/:/home/phill/.espressif/tools/riscv32-esp-elf/esp-13.2.0_20240530/riscv32-esp-elf/bin/../riscv32-esp-elf/usr/lib/]
  ignore line: [COLLECT_GCC_OPTIONS='-nostartfiles' '-march=rv32imafc_zicsr_zifencei_xesppie' '-mabi=ilp32f' '-specs=nosys.specs' '-v' '-o' 'cmTC_57ab9' '-misa-spec=20191213' '-march=rv32imafc_zicsr_zifencei_xesppie' '-dumpdir' 'cmTC_57ab9.']
  link line: [ /home/phill/.espressif/tools/riscv32-esp-elf/esp-13.2.0_20240530/riscv32-esp-elf/bin/../libexec/gcc/riscv32-esp-elf/13.2.0/collect2 -plugin /home/phill/.espressif/tools/riscv32-esp-elf/esp-13.2.0_20240530/riscv32-esp-elf/bin/../libexec/gcc/riscv32-esp-elf/13.2.0/liblto_plugin.so -plugin-opt=/home/phill/.espressif/tools/riscv32-esp-elf/esp-13.2.0_20240530/riscv32-esp-elf/bin/../libexec/gcc/riscv32-esp-elf/13.2.0/lto-wrapper -plugin-opt=-fresolution=/tmp/ccmkQahw.res -plugin-opt=-pass-through=-lgcc -plugin-opt=-pass-through=-lc -plugin-opt=-pass-through=-lnosys -plugin-opt=-pass-through=-lc -plugin-opt=-pass-through=-lgcc -plugin-opt=-pass-through=-lgcc -plugin-opt=-pass-through=-lc -plugin-opt=-pass-through=-lnosys --sysroot=/home/phill/.espressif/tools/riscv32-esp-elf/esp-13.2.0_20240530/riscv32-esp-elf/bin/../riscv32-esp-elf -melf32lriscv -o cmTC_57ab9 -L/home/phill/.espressif/tools/riscv32-esp-elf/esp-13.2.0_20240530/riscv32-esp-elf/bin/../lib/gcc/riscv32-esp-elf/13.2.0/rv32imafc_zicsr_zifencei/ilp32f -L/home/phill/.espressif/tools/riscv32-esp-elf/esp-13.2.0_20240530/riscv32-esp-elf/bin/../lib/gcc/riscv32-esp-elf/13.2.0/../../../../riscv32-esp-elf/lib/rv32imafc_zicsr_zifencei/ilp32f -L/home/phill/.espressif/tools/riscv32-esp-elf/esp-13.2.0_20240530/riscv32-esp-elf/bin/../riscv32-esp-elf/lib/rv32imafc_zicsr_zifencei/ilp32f -L/home/phill/.espressif/tools/riscv32-esp-elf/esp-13.2.0_20240530/riscv32-esp-elf/bin/../lib/gcc/riscv32-esp-elf/13.2.0 -L/home/phill/.espressif/tools/riscv32-esp-elf/esp-13.2.0_20240530/riscv32-esp-elf/bin/../lib/gcc -L/home/phill/.espressif/tools/riscv32-esp-elf/esp-13.2.0_20240530/riscv32-esp-elf/bin/../lib/gcc/riscv32-esp-elf/13.2.0/../../../../riscv32-esp-elf/lib -L/home/phill/.espressif/tools/riscv32-esp-elf/esp-13.2.0_20240530/riscv32-esp-elf/bin/../riscv32-esp-elf/lib -L/home/phill/.espressif/tools/riscv32-esp-elf/esp-13.2.0_20240530/riscv32-esp-elf/bin/../riscv32-esp-elf/usr/lib CMakeFiles/cmTC_57ab9.dir/CMakeCXXCompilerABI.cpp.obj -lstdc++ -lm -lgcc -lc -lnosys -lc -lgcc --start-group -lgcc -lc -lnosys --end-group]
    arg [/home/phill/.espressif/tools/riscv32-esp-elf/esp-13.2.0_20240530/riscv32-esp-elf/bin/../libexec/gcc/riscv32-esp-elf/13.2.0/collect2] ==> ignore
    arg [-plugin] ==> ignore
    arg [/home/phill/.espressif/tools/riscv32-esp-elf/esp-13.2.0_20240530/riscv32-esp-elf/bin/../libexec/gcc/riscv32-esp-elf/13.2.0/liblto_plugin.so] ==> ignore
    arg [-plugin-opt=/home/phill/.espressif/tools/riscv32-esp-elf/esp-13.2.0_20240530/riscv32-esp-elf/bin/../libexec/gcc/riscv32-esp-elf/13.2.0/lto-wrapper] ==> ignore
    arg [-plugin-opt=-fresolution=/tmp/ccmkQahw.res] ==> ignore
    arg [-plugin-opt=-pass-through=-lgcc] ==> ignore
    arg [-plugin-opt=-pass-through=-lc] ==> ignore
    arg [-plugin-opt=-pass-through=-lnosys] ==> ignore
    arg [-plugin-opt=-pass-through=-lc] ==> ignore
    arg [-plugin-opt=-pass-through=-lgcc] ==> ignore
    arg [-plugin-opt=-pass-through=-lgcc] ==> ignore
    arg [-plugin-opt=-pass-through=-lc] ==> ignore
    arg [-plugin-opt=-pass-through=-lnosys] ==> ignore
    arg [--sysroot=/home/phill/.espressif/tools/riscv32-esp-elf/esp-13.2.0_20240530/riscv32-esp-elf/bin/../riscv32-esp-elf] ==> ignore
    arg [-melf32lriscv] ==> ignore
    arg [-o] ==> ignore
    arg [cmTC_57ab9] ==> ignore
    arg [-L/home/phill/.espressif/tools/riscv32-esp-elf/esp-13.2.0_20240530/riscv32-esp-elf/bin/../lib/gcc/riscv32-esp-elf/13.2.0/rv32imafc_zicsr_zifencei/ilp32f] ==> dir [/home/phill/.espressif/tools/riscv32-esp-elf/esp-13.2.0_20240530/riscv32-esp-elf/bin/../lib/gcc/riscv32-esp-elf/13.2.0/rv32imafc_zicsr_zifencei/ilp32f]
    arg [-L/home/phill/.espressif/tools/riscv32-esp-elf/esp-13.2.0_20240530/riscv32-esp-elf/bin/../lib/gcc/riscv32-esp-elf/13.2.0/../../../../riscv32-esp-elf/lib/rv32imafc_zicsr_zifencei/ilp32f] ==> dir [/home/phill/.espressif/tools/riscv32-esp-elf/esp-13.2.0_20240530/riscv32-esp-elf/bin/../lib/gcc/riscv32-esp-elf/13.2.0/../../../../riscv32-esp-elf/lib/rv32imafc_zicsr_zifencei/ilp32f]
    arg [-L/home/phill/.espressif/tools/riscv32-esp-elf/esp-13.2.0_20240530/riscv32-esp-elf/bin/../riscv32-esp-elf/lib/rv32imafc_zicsr_zifencei/ilp32f] ==> dir [/home/phill/.espressif/tools/riscv32-esp-elf/esp-13.2.0_20240530/riscv32-esp-elf/bin/../riscv32-esp-elf/lib/rv32imafc_zicsr_zifencei/ilp32f]
    arg [-L/home/phill/.espressif/tools/riscv32-esp-elf/esp-13.2.0_20240530/riscv32-esp-elf/bin/../lib/gcc/riscv32-esp-elf/13.2.0] ==> dir [/home/phill/.espressif/tools/riscv32-esp-elf/esp-13.2.0_20240530/riscv32-esp-elf/bin/../lib/gcc/riscv32-esp-elf/13.2.0]
    arg [-L/home/phill/.espressif/tools/riscv32-esp-elf/esp-13.2.0_20240530/riscv32-esp-elf/bin/../lib/gcc] ==> dir [/home/phill/.espressif/tools/riscv32-esp-elf/esp-13.2.0_20240530/riscv32-esp-elf/bin/../lib/gcc]
    arg [-L/home/phill/.espressif/tools/riscv32-esp-elf/esp-13.2.0_20240530/riscv32-esp-elf/bin/../lib/gcc/riscv32-esp-elf/13.2.0/../../../../riscv32-esp-elf/lib] ==> dir [/home/phill/.espressif/tools/riscv32-esp-elf/esp-13.2.0_20240530/riscv32-esp-elf/bin/../lib/gcc/riscv32-esp-elf/13.2.0/../../../../riscv32-esp-elf/lib]
    arg [-L/home/phill/.espressif/tools/riscv32-esp-elf/esp-13.2.0_20240530/riscv32-esp-elf/bin/../riscv32-esp-elf/lib] ==> dir [/home/phill/.espressif/tools/riscv32-esp-elf/esp-13.2.0_20240530/riscv32-esp-elf/bin/../riscv32-esp-elf/lib]
    arg [-L/home/phill/.espressif/tools/riscv32-esp-elf/esp-13.2.0_20240530/riscv32-esp-elf/bin/../riscv32-esp-elf/usr/lib] ==> dir [/home/phill/.espressif/tools/riscv32-esp-elf/esp-13.2.0_20240530/riscv32-esp-elf/bin/../riscv32-esp-elf/usr/lib]
    arg [CMakeFiles/cmTC_57ab9.dir/CMakeCXXCompilerABI.cpp.obj] ==> ignore
    arg [-lstdc++] ==> lib [stdc++]
    arg [-lm] ==> lib [m]
    arg [-lgcc] ==> lib [gcc]
    arg [-lc] ==> lib [c]
    arg [-lnosys] ==> lib [nosys]
    arg [-lc] ==> lib [c]
    arg [-lgcc] ==> lib [gcc]
    arg [--start-group] ==> ignore
    arg [-lgcc] ==> lib [gcc]
    arg [-lc] ==> lib [c]
    arg [-lnosys] ==> lib [nosys]
    arg [--end-group] ==> ignore
  collapse library dir [/home/phill/.espressif/tools/riscv32-esp-elf/esp-13.2.0_20240530/riscv32-esp-elf/bin/../lib/gcc/riscv32-esp-elf/13.2.0/rv32imafc_zicsr_zifencei/ilp32f] ==> [/home/phill/.espressif/tools/riscv32-esp-elf/esp-13.2.0_20240530/riscv32-esp-elf/lib/gcc/riscv32-esp-elf/13.2.0/rv32imafc_zicsr_zifencei/ilp32f]
  collapse library dir [/home/phill/.espressif/tools/riscv32-esp-elf/esp-13.2.0_20240530/riscv32-esp-elf/bin/../lib/gcc/riscv32-esp-elf/13.2.0/../../../../riscv32-esp-elf/lib/rv32imafc_zicsr_zifencei/ilp32f] ==> [/home/phill/.espressif/tools/riscv32-esp-elf/esp-13.2.0_20240530/riscv32-esp-elf/riscv32-esp-elf/lib/rv32imafc_zicsr_zifencei/ilp32f]
  collapse library dir [/home/phill/.espressif/tools/riscv32-esp-elf/esp-13.2.0_20240530/riscv32-esp-elf/bin/../riscv32-esp-elf/lib/rv32imafc_zicsr_zifencei/ilp32f] ==> [/home/phill/.espressif/tools/riscv32-esp-elf/esp-13.2.0_20240530/riscv32-esp-elf/riscv32-esp-elf/lib/rv32imafc_zicsr_zifencei/ilp32f]
  collapse library dir [/home/phill/.espressif/tools/riscv32-esp-elf/esp-13.2.0_20240530/riscv32-esp-elf/bin/../lib/gcc/riscv32-esp-elf/13.2.0] ==> [/home/phill/.espressif/tools/riscv32-esp-elf/esp-13.2.0_20240530/riscv32-esp-elf/lib/gcc/riscv32-esp-elf/13.2.0]
  collapse library dir [/home/phill/.espressif/tools/riscv32-esp-elf/esp-13.2.0_20240530/riscv32-esp-elf/bin/../lib/gcc] ==> [/home/phill/.espressif/tools/riscv32-esp-elf/esp-13.2.0_20240530/riscv32-esp-elf/lib/gcc]
  collapse library dir [/home/phill/.espressif/tools/riscv32-esp-elf/esp-13.2.0_20240530/riscv32-esp-elf/bin/../lib/gcc/riscv32-esp-elf/13.2.0/../../../../riscv32-esp-elf/lib] ==> [/home/phill/.espressif/tools/riscv32-esp-elf/esp-13.2.0_20240530/riscv32-esp-elf/riscv32-esp-elf/lib]
  collapse library dir [/home/phill/.espressif/tools/riscv32-esp-elf/esp-13.2.0_20240530/riscv32-esp-elf/bin/../riscv32-esp-elf/lib] ==> [/home/phill/.espressif/tools/riscv32-esp-elf/esp-13.2.0_20240530/riscv32-esp-elf/riscv32-esp-elf/lib]
  collapse library dir [/home/phill/.espressif/tools/riscv32-esp-elf/esp-13.2.0_20240530/riscv32-esp-elf/bin/../riscv32-esp-elf/usr/lib] ==> [/home/phill/.espressif/tools/riscv32-esp-elf/esp-13.2.0_20240530/riscv32-esp-elf/riscv32-esp-elf/usr/lib]
  implicit libs: [stdc++;m;gcc;c;nosys;c;gcc;gcc;c;nosys]
  implicit objs: []
  implicit dirs: [/home/phill/.espressif/tools/riscv32-esp-elf/esp-13.2.0_20240530/riscv32-esp-elf/lib/gcc/riscv32-esp-elf/13.2.0/rv32imafc_zicsr_zifencei/ilp32f;/home/phill/.espressif/tools/riscv32-esp-elf/esp-13.2.0_20240530/riscv32-esp-elf/riscv32-esp-elf/lib/rv32imafc_zicsr_zifencei/ilp32f;/home/phill/.espressif/tools/riscv32-esp-elf/esp-13.2.0_20240530/riscv32-esp-elf/lib/gcc/riscv32-esp-elf/13.2.0;/home/phill/.espressif/tools/riscv32-esp-elf/esp-13.2.0_20240530/riscv32-esp-elf/lib/gcc;/home/phill/.espressif/tools/riscv32-esp-elf/esp-13.2.0_20240530/riscv32-esp-elf/riscv32-esp-elf/lib;/home/phill/.espressif/tools/riscv32-esp-elf/esp-13.2.0_20240530/riscv32-esp-elf/riscv32-esp-elf/usr/lib]
  implicit fwks: []


Determining if the include file pthread.h exists passed with the following output:
Change Dir: /home/phill/wyEspAgentPay/example/build/CMakeFiles/CMakeTmp

Run Build Command(s):/usr/bin/gmake -f Makefile cmTC_5e669/fast && /usr/bin/gmake  -f CMakeFiles/cmTC_5e669.dir/build.make CMakeFiles/cmTC_5e669.dir/build
gmake[1]: Entering directory '/home/phill/wyEspAgentPay/example/build/CMakeFiles/CMakeTmp'
Building C object CMakeFiles/cmTC_5e669.dir/CheckIncludeFile.c.obj
/home/phill/.espressif/tools/riscv32-esp-elf/esp-13.2.0_20240530/riscv32-esp-elf/bin/riscv32-esp-elf-gcc   -march=rv32imafc_zicsr_zifencei_xesppie -mabi=ilp32f   -o CMakeFiles/cmTC_5e669.dir/CheckIncludeFile.c.obj -c /home/phill/wyEspAgentPay/example/build/CMakeFiles/CMakeTmp/CheckIncludeFile.c
Linking C executable cmTC_5e669
/usr/bin/cmake -E cmake_link_script CMakeFiles/cmTC_5e669.dir/link.txt --verbose=1
/home/phill/.espressif/tools/riscv32-esp-elf/esp-13.2.0_20240530/riscv32-esp-elf/bin/riscv32-esp-elf-gcc -march=rv32imafc_zicsr_zifencei_xesppie -mabi=ilp32f   -nostartfiles -march=rv32imafc_zicsr_zifencei_xesppie -mabi=ilp32f --specs=nosys.specs   CMakeFiles/cmTC_5e669.dir/CheckIncludeFile.c.obj -o cmTC_5e669 
/home/phill/.espressif/tools/riscv32-esp-elf/esp-13.2.0_20240530/riscv32-esp-elf/bin/../lib/gcc/riscv32-esp-elf/13.2.0/../../../../riscv32-esp-elf/bin/ld: warning: cannot find entry symbol _start; defaulting to 00010074
gmake[1]: Leaving directory '/home/phill/wyEspAgentPay/example/build/CMakeFiles/CMakeTmp'



Performing C SOURCE FILE Test CMAKE_HAVE_LIBC_PTHREAD succeeded with the following output:
Change Dir: /home/phill/wyEspAgentPay/example/build/CMakeFiles/CMakeTmp

Run Build Command(s):/usr/bin/gmake -f Makefile cmTC_d1da0/fast && /usr/bin/gmake  -f CMakeFiles/cmTC_d1da0.dir/build.make CMakeFiles/cmTC_d1da0.dir/build
gmake[1]: Entering directory '/home/phill/wyEspAgentPay/example/build/CMakeFiles/CMakeTmp'
Building C object CMakeFiles/cmTC_d1da0.dir/src.c.obj
/home/phill/.espressif/tools/riscv32-esp-elf/esp-13.2.0_20240530/riscv32-esp-elf/bin/riscv32-esp-elf-gcc -DCMAKE_HAVE_LIBC_PTHREAD  -march=rv32imafc_zicsr_zifencei_xesppie -mabi=ilp32f   -o CMakeFiles/cmTC_d1da0.dir/src.c.obj -c /home/phill/wyEspAgentPay/example/build/CMakeFiles/CMakeTmp/src.c
Linking C executable cmTC_d1da0
/usr/bin/cmake -E cmake_link_script CMakeFiles/cmTC_d1da0.dir/link.txt --verbose=1
/home/phill/.espressif/tools/riscv32-esp-elf/esp-13.2.0_20240530/riscv32-esp-elf/bin/riscv32-esp-elf-gcc -march=rv32imafc_zicsr_zifencei_xesppie -mabi=ilp32f   -nostartfiles -march=rv32imafc_zicsr_zifencei_xesppie -mabi=ilp32f --specs=nosys.specs   CMakeFiles/cmTC_d1da0.dir/src.c.obj -o cmTC_d1da0 
/home/phill/.espressif/tools/riscv32-esp-elf/esp-13.2.0_20240530/riscv32-esp-elf/bin/../lib/gcc/riscv32-esp-elf/13.2.0/../../../../riscv32-esp-elf/bin/ld: CMakeFiles/cmTC_d1da0.dir/src.c.obj: in function `main':
src.c:(.text+0x6a): warning: pthread_atfork is not implemented and will always fail
/home/phill/.espressif/tools/riscv32-esp-elf/esp-13.2.0_20240530/riscv32-esp-elf/bin/../lib/gcc/riscv32-esp-elf/13.2.0/../../../../riscv32-esp-elf/bin/ld: src.c:(.text+0x4c): warning: pthread_cancel is not implemented and will always fail
/home/phill/.espressif/tools/riscv32-esp-elf/esp-13.2.0_20240530/riscv32-esp-elf/bin/../lib/gcc/riscv32-esp-elf/13.2.0/../../../../riscv32-esp-elf/bin/ld: src.c:(.text+0x30): warning: pthread_create is not implemented and will always fail
/home/phill/.espressif/tools/riscv32-esp-elf/esp-13.2.0_20240530/riscv32-esp-elf/bin/../lib/gcc/riscv32-esp-elf/13.2.0/../../../../riscv32-esp-elf/bin/ld: src.c:(.text+0x3e): warning: pthread_detach is not implemented and will always fail
/home/phill/.espressif/tools/riscv32-esp-elf/esp-13.2.0_20240530/riscv32-esp-elf/bin/../lib/gcc/riscv32-esp-elf/13.2.0/../../../../riscv32-esp-elf/bin/ld: src.c:(.text+0x74): warning: pthread_exit is not implemented and will always fail
/home/phill/.espressif/tools/riscv32-esp-elf/esp-13.2.0_20240530/riscv32-esp-elf/bin/../lib/gcc/riscv32-esp-elf/13.2.0/../../../../riscv32-esp-elf/bin/ld: src.c:(.text+0x5c): warning: pthread_join is not implemented and will always fail
/home/phill/.espressif/tools/riscv32-esp-elf/esp-13.2.0_20240530/riscv32-esp-elf/bin/../lib/gcc/riscv32-esp-elf/13.2.0/../../../../riscv32-esp-elf/bin/ld: warning: cannot find entry symbol _start; defaulting to 00010074
gmake[1]: Leaving directory '/home/phill/wyEspAgentPay/example/build/CMakeFiles/CMakeTmp'


Source file was:
#include <pthread.h>

static void* test_func(void* data)
{
  return data;
}

int main(void)
{
  pthread_t thread;
  pthread_create(&thread, NULL, test_func, NULL);
  pthread_detach(thread);
  pthread_cancel(thread);
  pthread_join(thread, NULL);
  pthread_atfork(NULL, NULL, NULL);
  pthread_exit(NULL);

  return 0;
}

Performing C SOURCE FILE Test C_COMPILER_SUPPORTS_WFORMAT_SIGNEDNESS succeeded with the following output:
Change Dir: /home/phill/wyEspAgentPay/example/build/CMakeFiles/CMakeTmp

Run Build Command(s):/usr/bin/gmake -f Makefile cmTC_cfc96/fast && /usr/bin/gmake  -f CMakeFiles/cmTC_cfc96.dir/build.make CMakeFiles/cmTC_cfc96.dir/build
gmake[1]: Entering directory '/home/phill/wyEspAgentPay/example/build/CMakeFiles/CMakeTmp'
Building C object CMakeFiles/cmTC_cfc96.dir/src.c.obj
/home/phill/.espressif/tools/riscv32-esp-elf/esp-13.2.0_20240530/riscv32-esp-elf/bin/riscv32-esp-elf-gcc -DC_COMPILER_SUPPORTS_WFORMAT_SIGNEDNESS  -march=rv32imafc_zicsr_zifencei_xesppie -mabi=ilp32f  -Wall -Wextra -Wwrite-strings -Wmissing-prototypes -Wformat=2 -Wno-format-nonliteral -Wvla -Wlogical-op -Wshadow    -Wformat-signedness -o CMakeFiles/cmTC_cfc96.dir/src.c.obj -c /home/phill/wyEspAgentPay/example/build/CMakeFiles/CMakeTmp/src.c
Linking C executable cmTC_cfc96
/usr/bin/cmake -E cmake_link_script CMakeFiles/cmTC_cfc96.dir/link.txt --verbose=1
/home/phill/.espressif/tools/riscv32-esp-elf/esp-13.2.0_20240530/riscv32-esp-elf/bin/riscv32-esp-elf-gcc -march=rv32imafc_zicsr_zifencei_xesppie -mabi=ilp32f  -Wall -Wextra -Wwrite-strings -Wmissing-prototypes -Wformat=2 -Wno-format-nonliteral -Wvla -Wlogical-op -Wshadow  -nostartfiles -march=rv32imafc_zicsr_zifencei_xesppie -mabi=ilp32f --specs=nosys.specs   CMakeFiles/cmTC_cfc96.dir/src.c.obj -o cmTC_cfc96 
/home/phill/.espressif/tools/riscv32-esp-elf/esp-13.2.0_20240530/riscv32-esp-elf/bin/../lib/gcc/riscv32-esp-elf/13.2.0/../../../../riscv32-esp-elf/bin/ld: warning: cannot find entry symbol _start; defaulting to 00010074
gmake[1]: Leaving directory '/home/phill/wyEspAgentPay/example/build/CMakeFiles/CMakeTmp'


Source file was:
int main(void) { return 0; }
The target system is: Generic -  - 
The host system is: Linux - 5.10.0-1012-rockchip - aarch64
Compiling the C compiler identification source file "CMakeCCompilerId.c" succeeded.
Compiler: /home/phill/.espressif/tools/riscv32-esp-elf/esp-13.2.0_20240530/riscv32-esp-elf/bin/riscv32-esp-elf-gcc 
Build flags: -march=rv32imafc_zicsr_zifencei_xesppie;-mabi=ilp32f;
Id flags:  

The output was:
0
/home/phill/.espressif/tools/riscv32-esp-elf/esp-13.2.0_20240530/riscv32-esp-elf/bin/../lib/gcc/riscv32-esp-elf/13.2.0/../../../../riscv32-esp-elf/bin/ld: /home/phill/.espressif/tools/riscv32-esp-elf/esp-13.2.0_20240530/riscv32-esp-elf/bin/../lib/gcc/riscv32-esp-elf/13.2.0/../../../../riscv32-esp-elf/lib/rv32imafc_zicsr_zifencei/ilp32f/libc.a(libc_a-closer.o): in function `_close_r':
/builds/idf/crosstool-NG/.build/HOST-aarch64-linux-gnu/riscv32-esp-elf/src/newlib/newlib/libc/reent/closer.c:47:(.text+0x14): warning: _close is not implemented and will always fail
/home/phill/.espressif/tools/riscv32-esp-elf/esp-13.2.0_20240530/riscv32-esp-elf/bin/../lib/gcc/riscv32-esp-elf/13.2.0/../../../../riscv32-esp-elf/bin/ld: /home/phill/.espressif/tools/riscv32-esp-elf/esp-13.2.0_20240530/riscv32-esp-elf/bin/../lib/gcc/riscv32-esp-elf/13.2.0/../../../../riscv32-esp-elf/lib/rv32imafc_zicsr_zifencei/ilp32f/libc.a(libc_a-lseekr.o): in function `_lseek_r':
/builds/idf/crosstool-NG/.build/HOST-aarch64-linux-gnu/riscv32-esp-elf/src/newlib/newlib/libc/reent/lseekr.c:49:(.text+0x18): warning: _lseek is not implemented and will always fail
/home/phill/.espressif/tools/riscv32-esp-elf/esp-13.2.0_20240530/riscv32-esp-elf/bin/../lib/gcc/riscv32-esp-elf/13.2.0/../../../../riscv32-esp-elf/bin/ld: /home/phill/.espressif/tools/riscv32-esp-elf/esp-13.2.0_20240530/riscv32-esp-elf/bin/../lib/gcc/riscv32-esp-elf/13.2.0/../../../../riscv32-esp-elf/lib/rv32imafc_zicsr_zifencei/ilp32f/libc.a(libc_a-readr.o): in function `_read_r':
/builds/idf/crosstool-NG/.build/HOST-aarch64-linux-gnu/riscv32-esp-elf/src/newlib/newlib/libc/reent/readr.c:49:(.text+0x18): warning: _read is not implemented and will always fail
/home/phill/.espressif/tools/riscv32-esp-elf/esp-13.2.0_20240530/riscv32-esp-elf/bin/../lib/gcc/riscv32-esp-elf/13.2.0/../../../../riscv32-esp-elf/bin/ld: /home/phill/.espressif/tools/riscv32-esp-elf/esp-13.2.0_20240530/riscv32-esp-elf/bin/../lib/gcc/riscv32-esp-elf/13.2.0/../../../../riscv32-esp-elf/lib/rv32imafc_zicsr_zifencei/ilp32f/libc.a(libc_a-writer.o): in function `_write_r':
/builds/idf/crosstool-NG/.build/HOST-aarch64-linux-gnu/riscv32-esp-elf/src/newlib/newlib/libc/reent/writer.c:49:(.text+0x18): warning: _write is not implemented and will always fail
/home/phill/.espressif/tools/riscv32-esp-elf/esp-13.2.0_20240530/riscv32-esp-elf/bin/../lib/gcc/riscv32-esp-elf/13.2.0/../../../../riscv32-esp-elf/bin/ld: /home/phill/.espressif/tools/riscv32-esp-elf/esp-13.2.0_20240530/riscv32-esp-elf/bin/../lib/gcc/riscv32-esp-elf/13.2.0/../../../../riscv32-esp-elf/lib/rv32imafc_zicsr_zifencei/ilp32f/libc.a(libc_a-fclose.o): in function `fclose':
/builds/idf/crosstool-NG/.build/HOST-aarch64-linux-gnu/riscv32-esp-elf/src/newlib/newlib/libc/stdio/fclose.c:125:(.text+0xf4): warning: __getreent is not implemented and will always fail


Compilation of the C compiler identification source "CMakeCCompilerId.c" produced "a.out"

The C compiler identification is GNU, found in "/home/phill/wyEspAgentPay/example/build/CMakeFiles/3.22.1/CompilerIdC/a.out"

Compiling the CXX compiler identification source file "CMakeCXXCompilerId.cpp" succeeded.
Compiler: /home/phill/.espressif/tools/riscv32-esp-elf/esp-13.2.0_20240530/riscv32-esp-elf/bin/riscv32-esp-elf-g++ 
Build flags: -march=rv32imafc_zicsr_zifencei_xesppie;-mabi=ilp32f;
Id flags:  

The output was:
0
/home/phill/.espressif/tools/riscv32-esp-elf/esp-13.2.0_20240530/riscv32-esp-elf/bin/../lib/gcc/riscv32-esp-elf/13.2.0/../../../../riscv32-esp-elf/bin/ld: /home/phill/.espressif/tools/riscv32-esp-elf/esp-13.2.0_20240530/riscv32-esp-elf/bin/../lib/gcc/riscv32-esp-elf/13.2.0/../../../../riscv32-esp-elf/lib/rv32imafc_zicsr_zifencei/ilp32f/libc.a(libc_a-closer.o): in function `_close_r':
/builds/idf/crosstool-NG/.build/HOST-aarch64-linux-gnu/riscv32-esp-elf/src/newlib/newlib/libc/reent/closer.c:47:(.text+0x14): warning: _close is not implemented and will always fail
/home/phill/.espressif/tools/riscv32-esp-elf/esp-13.2.0_20240530/riscv32-esp-elf/bin/../lib/gcc/riscv32-esp-elf/13.2.0/../../../../riscv32-esp-elf/bin/ld: /home/phill/.espressif/tools/riscv32-esp-elf/esp-13.2.0_20240530/riscv32-esp-elf/bin/../lib/gcc/riscv32-esp-elf/13.2.0/../../../../riscv32-esp-elf/lib/rv32imafc_zicsr_zifencei/ilp32f/libc.a(libc_a-lseekr.o): in function `_lseek_r':
/builds/idf/crosstool-NG/.build/HOST-aarch64-linux-gnu/riscv32-esp-elf/src/newlib/newlib/libc/reent/lseekr.c:49:(.text+0x18): warning: _lseek is not implemented and will always fail
/home/phill/.espressif/tools/riscv32-esp-elf/esp-13.2.0_20240530/riscv32-esp-elf/bin/../lib/gcc/riscv32-esp-elf/13.2.0/../../../../riscv32-esp-elf/bin/ld: /home/phill/.espressif/tools/riscv32-esp-elf/esp-13.2.0_20240530/riscv32-esp-elf/bin/../lib/gcc/riscv32-esp-elf/13.2.0/../../../../riscv32-esp-elf/lib/rv32imafc_zicsr_zifencei/ilp32f/libc.a(libc_a-readr.o): in function `_read_r':
/builds/idf/crosstool-NG/.build/HOST-aarch64-linux-gnu/riscv32-esp-elf/src/newlib/newlib/libc/reent/readr.c:49:(.text+0x18): warning: _read is not implemented and will always fail
/home/phill/.espressif/tools/riscv32-esp-elf/esp-13.2.0_20240530/riscv32-esp-elf/bin/../lib/gcc/riscv32-esp-elf/13.2.0/../../../../riscv32-esp-elf/bin/ld: /home/phill/.espressif/tools/riscv32-esp-elf/esp-13.2.0_20240530/riscv32-esp-elf/bin/../lib/gcc/riscv32-esp-elf/13.2.0/../../../../riscv32-esp-elf/lib/rv32imafc_zicsr_zifencei/ilp32f/libc.a(libc_a-writer.o): in function `_write_r':
/builds/idf/crosstool-NG/.build/HOST-aarch64-linux-gnu/riscv32-esp-elf/src/newlib/newlib/libc/reent/writer.c:49:(.text+0x18): warning: _write is not implemented and will always fail
/home/phill/.espressif/tools/riscv32-esp-elf/esp-13.2.0_20240530/riscv32-esp-elf/bin/../lib/gcc/riscv32-esp-elf/13.2.0/../../../../riscv32-esp-elf/bin/ld: /home/phill/.espressif/tools/riscv32-esp-elf/esp-13.2.0_20240530/riscv32-esp-elf/bin/../lib/gcc/riscv32-esp-elf/13.2.0/../../../../riscv32-esp-elf/lib/rv32imafc_zicsr_zifencei/ilp32f/libc.a(libc_a-fclose.o): in function `fclose':
/builds/idf/crosstool-NG/.build/HOST-aarch64-linux-gnu/riscv32-esp-elf/src/newlib/newlib/libc/stdio/fclose.c:125:(.text+0xf4): warning: __getreent is not implemented and will always fail


Compilation of the CXX compiler identification source "CMakeCXXCompilerId.cpp" produced "a.out"

The CXX compiler identification is GNU, found in "/home/phill/wyEspAgentPay/example/build/CMakeFiles/3.22.1/CompilerIdCXX/a.out"

Checking whether the ASM compiler is GNU using "--version" matched "(GNU assembler)|(GCC)|(Free Software Foundation)":
riscv32-esp-elf-gcc (crosstool-NG esp-13.2.0_20240530) 13.2.0
Copyright (C) 2023 Free Software Foundation, Inc.
This is free software; see the source for copying conditions.  There is NO
warranty; not even for MERCHANTABILITY or FITNESS FOR A PARTICULAR PURPOSE.

Detecting C compiler ABI info compiled with the following output:
Change Dir: /home/phill/wyEspAgentPay/example/build/CMakeFiles/CMakeTmp

Run Build Command(s):/usr/bin/gmake -f Makefile cmTC_40795/fast && /usr/bin/gmake  -f CMakeFiles/cmTC_40795.dir/build.make CMakeFiles/cmTC_40795.dir/build
gmake[1]: Entering directory '/home/phill/wyEspAgentPay/example/build/CMakeFiles/CMakeTmp'
Building C object CMakeFiles/cmTC_40795.dir/CMakeCCompilerABI.c.obj
/home/phill/.espressif/tools/riscv32-esp-elf/esp-13.2.0_20240530/riscv32-esp-elf/bin/riscv32-esp-elf-gcc   -march=rv32imafc_zicsr_zifencei_xesppie -mabi=ilp32f     -v -o CMakeFiles/cmTC_40795.dir/CMakeCCompilerABI.c.obj -c /usr/share/cmake-3.22/Modules/CMakeCCompilerABI.c
Using built-in specs.
COLLECT_GCC=/home/phill/.espressif/tools/riscv32-esp-elf/esp-13.2.0_20240530/riscv32-esp-elf/bin/riscv32-esp-elf-gcc
Target: riscv32-esp-elf
Configured with: /builds/idf/crosstool-NG/.build/HOST-aarch64-linux-gnu/riscv32-esp-elf/src/gcc/configure --build=x86_64-build_pc-linux-gnu --host=aarch64-host_unknown-linux-gnu --target=riscv32-esp-elf --prefix=/builds/idf/crosstool-NG/builds/riscv32-esp-elf --exec_prefix=/builds/idf/crosstool-NG/builds/riscv32-esp-elf --with-local-prefix=/builds/idf/crosstool-NG/builds/riscv32-esp-elf/riscv32-esp-elf --with-sysroot=/builds/idf/crosstool-NG/builds/riscv32-esp-elf/riscv32-esp-elf --with-native-system-header-dir=/include --with-newlib --enable-threads=no --disable-shared --with-arch=rv32gc --with-abi=ilp32 --with-pkgversion='crosstool-NG esp-13.2.0_20240530' --disable-__cxa_atexit --enable-cxx-flags=-ffunction-sections --disable-libgomp --disable-libmudflap --disable-libmpx --disable-libssp --disable-libquadmath --disable-libquadmath-support --disable-libstdcxx-verbose --with-gmp=/builds/idf/crosstool-NG/.build/HOST-aarch64-linux-gnu/riscv32-esp-elf/buildtools/complibs-host --with-mpfr=/builds/idf/crosstool-NG/.build/HOST-aarch64-linux-gnu/riscv32-esp-elf/buildtools/complibs-host --with-mpc=/builds/idf/crosstool-NG/.build/HOST-aarch64-linux-gnu/riscv32-esp-elf/buildtools/complibs-host --with-isl=/builds/idf/crosstool-NG/.build/HOST-aarch64-linux-gnu/riscv32-esp-elf/buildtools/complibs-host --enable-lto --enable-target-optspace --without-long-double-128 --disable-nls --enable-multiarch --enable-languages=c,c++ --disable-libstdcxx-verbose --enable-threads=posix --enable-gcov-custom-rtio --enable-libstdcxx-time=yes
Thread model: posix
Supported LTO compression algorithms: zlib zstd
gcc version 13.2.0 (crosstool-NG esp-13.2.0_20240530) 
COLLECT_GCC_OPTIONS='-march=rv32imafc_zicsr_zifencei_xesppie' '-mabi=ilp32f' '-v' '-o' 'CMakeFiles/cmTC_40795.dir/CMakeCCompilerABI.c.obj' '-c' '-misa-spec=20191213' '-march=rv32imafc_zicsr_zifencei_xesppie' '-dumpdir' 'CMakeFiles/cmTC_40795.dir/'
 /home/phill/.espressif/tools/riscv32-esp-elf/esp-13.2.0_20240530/riscv32-esp-elf/bin/../libexec/gcc/riscv32-esp-elf/13.2.0/cc1 -quiet -v -imultilib rv32imafc_zicsr_zifencei/ilp32f -iprefix /home/phill/.espressif/tools/riscv32-esp-elf/esp-13.2.0_20240530/riscv32-esp-elf/bin/../lib/gcc/riscv32-esp-elf/13.2.0/ -isysroot /home/phill/.espressif/tools/riscv32-esp-elf/esp-13.2.0_20240530/riscv32-esp-elf/bin/../riscv32-esp-elf /usr/share/cmake-3.22/Modules/CMakeCCompilerABI.c -quiet -dumpdir CMakeFiles/cmTC_40795.dir/ -dumpbase CMakeCCompilerABI.c.c -dumpbase-ext .c -march=rv32imafc_zicsr_zifencei_xesppie -mabi=ilp32f -misa-spec=20191213 -march=rv32imafc_zicsr_zifencei_xesppie -version -o /tmp/ccKdwSZ5.s
GNU C17 (crosstool-NG esp-13.2.0_20240530) version 13.2.0 (riscv32-esp-elf)
	compiled by GNU C version 6.3.0 20170516, GMP version 6.2.1, MPFR version 4.2.1, MPC version 1.2.1, isl version isl-0.26-GMP

GGC heuristics: --param ggc-min-expand=100 --param ggc-min-heapsize=131072
ignoring duplicate directory "/home/phill/.espressif/tools/riscv32-esp-elf/esp-13.2.0_20240530/riscv32-esp-elf/bin/../lib/gcc/../../lib/gcc/riscv32-esp-elf/13.2.0/include"
ignoring nonexistent directory "/home/phill/.espressif/tools/riscv32-esp-elf/esp-13.2.0_20240530/riscv32-esp-elf/bin/../riscv32-esp-elf/builds/idf/crosstool-NG/builds/riscv32-esp-elf/riscv32-esp-elf/include"
ignoring duplicate directory "/home/phill/.espressif/tools/riscv32-esp-elf/esp-13.2.0_20240530/riscv32-esp-elf/bin/../lib/gcc/../../lib/gcc/riscv32-esp-elf/13.2.0/include-fixed"
ignoring duplicate directory "/home/phill/.espressif/tools/riscv32-esp-elf/esp-13.2.0_20240530/riscv32-esp-elf/bin/../lib/gcc/../../lib/gcc/riscv32-esp-elf/13.2.0/../../../../riscv32-esp-elf/include"
ignoring duplicate directory "/home/phill/.espressif/tools/riscv32-esp-elf/esp-13.2.0_20240530/riscv32-esp-elf/bin/../riscv32-esp-elf/include"
#include "..." search starts here:
#include <...> search starts here:
 /home/phill/.espressif/tools/riscv32-esp-elf/esp-13.2.0_20240530/riscv32-esp-elf/bin/../lib/gcc/riscv32-esp-elf/13.2.0/include
 /home/phill/.espressif/tools/riscv32-esp-elf/esp-13.2.0_20240530/riscv32-esp-elf/bin/../lib/gcc/riscv32-esp-elf/13.2.0/include-fixed
 /home/phill/.espressif/tools/riscv32-esp-elf/esp-13.2.0_20240530/riscv32-esp-elf/bin/../lib/gcc/riscv32-esp-elf/13.2.0/../../../../riscv32-esp-elf/include
End of search list.
Compiler executable checksum: 42457704b0c50327ce1b97c71567cc04
COLLECT_GCC_OPTIONS='-march=rv32imafc_zicsr_zifencei_xesppie' '-mabi=ilp32f' '-v' '-o' 'CMakeFiles/cmTC_40795.dir/CMakeCCompilerABI.c.obj' '-c' '-misa-spec=20191213' '-march=rv32imafc_zicsr_zifencei_xesppie' '-dumpdir' 'CMakeFiles/cmTC_40795.dir/'
 /home/phill/.espressif/tools/riscv32-esp-elf/esp-13.2.0_20240530/riscv32-esp-elf/bin/../lib/gcc/riscv32-esp-elf/13.2.0/../../../../riscv32-esp-elf/bin/as -v --traditional-format -march=rv32imafc_zicsr_zifencei_xesppie -march=rv32imafc_zicsr_zifencei_xesppie -mabi=ilp32f -misa-spec=20191213 -o CMakeFiles/cmTC_40795.dir/CMakeCCompilerABI.c.obj /tmp/ccKdwSZ5.s
GNU assembler version 2.41 (riscv32-esp-elf) using BFD version (crosstool-NG esp-13.2.0_20240530) 2.41
COMPILER_PATH=/home/phill/.espressif/tools/riscv32-esp-elf/esp-13.2.0_20240530/riscv32-esp-elf/bin/../libexec/gcc/riscv32-esp-elf/13.2.0/:/home/phill/.espressif/tools/riscv32-esp-elf/esp-13.2.0_20240530/riscv32-esp-elf/bin/../libexec/gcc/:/home/phill/.espressif/tools/riscv32-esp-elf/esp-13.2.0_20240530/riscv32-esp-elf/bin/../lib/gcc/riscv32-esp-elf/13.2.0/../../../../riscv32-esp-elf/bin/
LIBRARY_PATH=/home/phill/.espressif/tools/riscv32-esp-elf/esp-13.2.0_20240530/riscv32-esp-elf/bin/../lib/gcc/riscv32-esp-elf/13.2.0/rv32imafc_zicsr_zifencei/ilp32f/:/home/phill/.espressif/tools/riscv32-esp-elf/esp-13.2.0_20240530/riscv32-esp-elf/bin/../lib/gcc/riscv32-esp-elf/13.2.0/../../../../riscv32-esp-elf/lib/rv32imafc_zicsr_zifencei/ilp32f/:/home/phill/.espressif/tools/riscv32-esp-elf/esp-13.2.0_20240530/riscv32-esp-elf/bin/../riscv32-esp-elf/lib/rv32imafc_zicsr_zifencei/ilp32f/:/home/phill/.espressif/tools/riscv32-esp-elf/esp-13.2.0_20240530/riscv32-esp-elf/bin/../lib/gcc/riscv32-esp-elf/13.2.0/:/home/phill/.espressif/tools/riscv32-esp-elf/esp-13.2.0_20240530/riscv32-esp-elf/bin/../lib/gcc/:/home/phill/.espressif/tools/riscv32-esp-elf/esp-13.2.0_20240530/riscv32-esp-elf/bin/../lib/gcc/riscv32-esp-elf/13.2.0/../../../../riscv32-esp-elf/lib/:/home/phill/.espressif/tools/riscv32-esp-elf/esp-13.2.0_20240530/riscv32-esp-elf/bin/../riscv32-esp-elf/lib/:/home/phill/.espressif/tools/riscv32-esp-elf/esp-13.2.0_20240530/riscv32-esp-elf/bin/../riscv32-esp-elf/usr/lib/
COLLECT_GCC_OPTIONS='-march=rv32imafc_zicsr_zifencei_xesppie' '-mabi=ilp32f' '-v' '-o' 'CMakeFiles/cmTC_40795.dir/CMakeCCompilerABI.c.obj' '-c' '-misa-spec=20191213' '-march=rv32imafc_zicsr_zifencei_xesppie' '-dumpdir' 'CMakeFiles/cmTC_40795.dir/CMakeCCompilerABI.c.'
Linking C executable cmTC_40795
/usr/bin/cmake -E cmake_link_script CMakeFiles/cmTC_40795.dir/link.txt --verbose=1
/home/phill/.espressif/tools/riscv32-esp-elf/esp-13.2.0_20240530/riscv32-esp-elf/bin/riscv32-esp-elf-gcc -march=rv32imafc_zicsr_zifencei_xesppie -mabi=ilp32f   -nostartfiles -march=rv32imafc_zicsr_zifencei_xesppie -mabi=ilp32f --specs=nosys.specs  -v CMakeFiles/cmTC_40795.dir/CMakeCCompilerABI.c.obj -o cmTC_40795 
Using built-in specs.
Reading specs from /home/phill/.espressif/tools/riscv32-esp-elf/esp-13.2.0_20240530/riscv32-esp-elf/bin/../lib/gcc/riscv32-esp-elf/13.2.0/../../../../riscv32-esp-elf/lib/nosys.specs
rename spec link_gcc_c_sequence to nosys_link_gcc_c_sequence
COLLECT_GCC=/home/phill/.espressif/tools/riscv32-esp-elf/esp-13.2.0_20240530/riscv32-esp-elf/bin/riscv32-esp-elf-gcc
COLLECT_LTO_WRAPPER=/home/phill/.espressif/tools/riscv32-esp-elf/esp-13.2.0_20240530/riscv32-esp-elf/bin/../libexec/gcc/riscv32-esp-elf/13.2.0/lto-wrapper
Target: riscv32-esp-elf
Configured with: /builds/idf/crosstool-NG/.build/HOST-aarch64-linux-gnu/riscv32-esp-elf/src/gcc/configure --build=x86_64-build_pc-linux-gnu --host=aarch64-host_unknown-linux-gnu --target=riscv32-esp-elf --prefix=/builds/idf/crosstool-NG/builds/riscv32-esp-elf --exec_prefix=/builds/idf/crosstool-NG/builds/riscv32-esp-elf --with-local-prefix=/builds/idf/crosstool-NG/builds/riscv32-esp-elf/riscv32-esp-elf --with-sysroot=/builds/idf/crosstool-NG/builds/riscv32-esp-elf/riscv32-esp-elf --with-native-system-header-dir=/include --with-newlib --enable-threads=no --disable-shared --with-arch=rv32gc --with-abi=ilp32 --with-pkgversion='crosstool-NG esp-13.2.0_20240530' --disable-__cxa_atexit --enable-cxx-flags=-ffunction-sections --disable-libgomp --disable-libmudflap --disable-libmpx --disable-libssp --disable-libquadmath --disable-libquadmath-support --disable-libstdcxx-verbose --with-gmp=/builds/idf/crosstool-NG/.build/HOST-aarch64-linux-gnu/riscv32-esp-elf/buildtools/complibs-host --with-mpfr=/builds/idf/crosstool-NG/.build/HOST-aarch64-linux-gnu/riscv32-esp-elf/buildtools/complibs-host --with-mpc=/builds/idf/crosstool-NG/.build/HOST-aarch64-linux-gnu/riscv32-esp-elf/buildtools/complibs-host --with-isl=/builds/idf/crosstool-NG/.build/HOST-aarch64-linux-gnu/riscv32-esp-elf/buildtools/complibs-host --enable-lto --enable-target-optspace --without-long-double-128 --disable-nls --enable-multiarch --enable-languages=c,c++ --disable-libstdcxx-verbose --enable-threads=posix --enable-gcov-custom-rtio --enable-libstdcxx-time=yes
Thread model: posix
Supported LTO compression algorithms: zlib zstd
gcc version 13.2.0 (crosstool-NG esp-13.2.0_20240530) 
COMPILER_PATH=/home/phill/.espressif/tools/riscv32-esp-elf/esp-13.2.0_20240530/riscv32-esp-elf/bin/../libexec/gcc/riscv32-esp-elf/13.2.0/:/home/phill/.espressif/tools/riscv32-esp-elf/esp-13.2.0_20240530/riscv32-esp-elf/bin/../libexec/gcc/:/home/phill/.espressif/tools/riscv32-esp-elf/esp-13.2.0_20240530/riscv32-esp-elf/bin/../lib/gcc/riscv32-esp-elf/13.2.0/../../../../riscv32-esp-elf/bin/
LIBRARY_PATH=/home/phill/.espressif/tools/riscv32-esp-elf/esp-13.2.0_20240530/riscv32-esp-elf/bin/../lib/gcc/riscv32-esp-elf/13.2.0/rv32imafc_zicsr_zifencei/ilp32f/:/home/phill/.espressif/tools/riscv32-esp-elf/esp-13.2.0_20240530/riscv32-esp-elf/bin/../lib/gcc/riscv32-esp-elf/13.2.0/../../../../riscv32-esp-elf/lib/rv32imafc_zicsr_zifencei/ilp32f/:/home/phill/.espressif/tools/riscv32-esp-elf/esp-13.2.0_20240530/riscv32-esp-elf/bin/../riscv32-esp-elf/lib/rv32imafc_zicsr_zifencei/ilp32f/:/home/phill/.espressif/tools/riscv32-esp-elf/esp-13.2.0_20240530/riscv32-esp-elf/bin/../lib/gcc/riscv32-esp-elf/13.2.0/:/home/phill/.espressif/tools/riscv32-esp-elf/esp-13.2.0_20240530/riscv32-esp-elf/bin/../lib/gcc/:/home/phill/.espressif/tools/riscv32-esp-elf/esp-13.2.0_20240530/riscv32-esp-elf/bin/../lib/gcc/riscv32-esp-elf/13.2.0/../../../../riscv32-esp-elf/lib/:/home/phill/.espressif/tools/riscv32-esp-elf/esp-13.2.0_20240530/riscv32-esp-elf/bin/../riscv32-esp-elf/lib/:/home/phill/.espressif/tools/riscv32-esp-elf/esp-13.2.0_20240530/riscv32-esp-elf/bin/../riscv32-esp-elf/usr/lib/
COLLECT_GCC_OPTIONS='-nostartfiles' '-march=rv32imafc_zicsr_zifencei_xesppie' '-mabi=ilp32f' '-specs=nosys.specs' '-v' '-o' 'cmTC_40795' '-misa-spec=20191213' '-march=rv32imafc_zicsr_zifencei_xesppie' '-dumpdir' 'cmTC_40795.'
 /home/phill/.espressif/tools/riscv32-esp-elf/esp-13.2.0_20240530/riscv32-esp-elf/bin/../libexec/gcc/riscv32-esp-elf/13.2.0/collect2 -plugin /home/phill/.espressif/tools/riscv32-esp-elf/esp-13.2.0_20240530/riscv32-esp-elf/bin/../libexec/gcc/riscv32-esp-elf/13.2.0/liblto_plugin.so -plugin-opt=/home/phill/.espressif/tools/riscv32-esp-elf/esp-13.2.0_20240530/riscv32-esp-elf/bin/../libexec/gcc/riscv32-esp-elf/13.2.0/lto-wrapper -plugin-opt=-fresolution=/tmp/cc9E92pz.res -plugin-opt=-pass-through=-lgcc -plugin-opt=-pass-through=-lc -plugin-opt=-pass-through=-lnosys -plugin-opt=-pass-through=-lc -plugin-opt=-pass-through=-lgcc -plugin-opt=-pass-through=-lgcc -plugin-opt=-pass-through=-lc -plugin-opt=-pass-through=-lnosys --sysroot=/home/phill/.espressif/tools/riscv32-esp-elf/esp-13.2.0_20240530/riscv32-esp-elf/bin/../riscv32-esp-elf -melf32lriscv -o cmTC_40795 -L/home/phill/.espressif/tools/riscv32-esp-elf/esp-13.2.0_20240530/riscv32-esp-elf/bin/../lib/gcc/riscv32-esp-elf/13.2.0/rv32imafc_zicsr_zifencei/ilp32f -L/home/phill/.espressif/tools/riscv32-esp-elf/esp-13.2.0_20240530/riscv32-esp-elf/bin/../lib/gcc/riscv32-esp-elf/13.2.0/../../../../riscv32-esp-elf/lib/rv32imafc_zicsr_zifencei/ilp32f -L/home/phill/.espressif/tools/riscv32-esp-elf/esp-13.2.0_20240530/riscv32-esp-elf/bin/../riscv32-esp-elf/lib/rv32imafc_zicsr_zifencei/ilp32f -L/home/phill/.espressif/tools/riscv32-esp-elf/esp-13.2.0_20240530/riscv32-esp-elf/bin/../lib/gcc/riscv32-esp-elf/13.2.0 -L/home/phill/.espressif/tools/riscv32-esp-elf/esp-13.2.0_20240530/riscv32-esp-elf/bin/../lib/gcc -L/home/phill/.espressif/tools/riscv32-esp-elf/esp-13.2.0_20240530/riscv32-esp-elf/bin/../lib/gcc/riscv32-esp-elf/13.2.0/../../../../riscv32-esp-elf/lib -L/home/phill/.espressif/tools/riscv32-esp-elf/esp-13.2.0_20240530/riscv32-esp-elf/bin/../riscv32-esp-elf/lib -L/home/phill/.espressif/tools/riscv32-esp-elf/esp-13.2.0_20240530/riscv32-esp-elf/bin/../riscv32-esp-elf/usr/lib CMakeFiles/cmTC_40795.dir/CMakeCCompilerABI.c.obj -lgcc -lc -lnosys -lc -lgcc --start-group -lgcc -lc -lnosys --end-group
/home/phill/.espressif/tools/riscv32-esp-elf/esp-13.2.0_20240530/riscv32-esp-elf/bin/../lib/gcc/riscv32-esp-elf/13.2.0/../../../../riscv32-esp-elf/bin/ld: warning: cannot find entry symbol _start; defaulting to 00010074
COLLECT_GCC_OPTIONS='-nostartfiles' '-march=rv32imafc_zicsr_zifencei_xesppie' '-mabi=ilp32f' '-specs=nosys.specs' '-v' '-o' 'cmTC_40795' '-misa-spec=20191213' '-march=rv32imafc_zicsr_zifencei_xesppie' '-dumpdir' 'cmTC_40795.'
gmake[1]: Leaving directory '/home/phill/wyEspAgentPay/example/build/CMakeFiles/CMakeTmp'



Parsed C implicit include dir info from above output: rv=done
  found start of include info
  found start of implicit include info
    add: [/home/phill/.espressif/tools/riscv32-esp-elf/esp-13.2.0_20240530/riscv32-esp-elf/bin/../lib/gcc/riscv32-esp-elf/13.2.0/include]
    add: [/home/phill/.espressif/tools/riscv32-esp-elf/esp-13.2.0_20240530/riscv32-esp-elf/bin/../lib/gcc/riscv32-esp-elf/13.2.0/include-fixed]
    add: [/home/phill/.espressif/tools/riscv32-esp-elf/esp-13.2.0_20240530/riscv32-esp-elf/bin/../lib/gcc/riscv32-esp-elf/13.2.0/../../../../riscv32-esp-elf/include]
  end of search list found
  collapse include dir [/home/phill/.espressif/tools/riscv32-esp-elf/esp-13.2.0_20240530/riscv32-esp-elf/bin/../lib/gcc/riscv32-esp-elf/13.2.0/include] ==> [/home/phill/.espressif/tools/riscv32-esp-elf/esp-13.2.0_20240530/riscv32-esp-elf/lib/gcc/riscv32-esp-elf/13.2.0/include]
  collapse include dir [/home/phill/.espressif/tools/riscv32-esp-elf/esp-13.2.0_20240530/riscv32-esp-elf/bin/../lib/gcc/riscv32-esp-elf/13.2.0/include-fixed] ==> [/home/phill/.espressif/tools/riscv32-esp-elf/esp-13.2.0_20240530/riscv32-esp-elf/lib/gcc/riscv32-esp-elf/13.2.0/include-fixed]
  collapse include dir [/home/phill/.espressif/tools/riscv32-esp-elf/esp-13.2.0_20240530/riscv32-esp-elf/bin/../lib/gcc/riscv32-esp-elf/13.2.0/../../../../riscv32-esp-elf/include] ==> [/home/phill/.espressif/tools/riscv32-esp-elf/esp-13.2.0_20240530/riscv32-esp-elf/riscv32-esp-elf/include]
  implicit include dirs: [/home/phill/.espressif/tools/riscv32-esp-elf/esp-13.2.0_20240530/riscv32-esp-elf/lib/gcc/riscv32-esp-elf/13.2.0/include;/home/phill/.espressif/tools/riscv32-esp-elf/esp-13.2.0_20240530/riscv32-esp-elf/lib/gcc/riscv32-esp-elf/13.2.0/include-fixed;/home/phill/.espressif/tools/riscv32-esp-elf/esp-13.2.0_20240530/riscv32-esp-elf/riscv32-esp-elf/include]


Parsed C implicit link information from above output:
  link line regex: [^( *|.*[/\])(riscv32-esp-elf-ld|CMAKE_LINK_STARTFILE-NOTFOUND|([^/\]+-)?ld|collect2)[^/\]*( |$)]
  ignore line: [Change Dir: /home/phill/wyEspAgentPay/example/build/CMakeFiles/CMakeTmp]
  ignore line: []
  ignore line: [Run Build Command(s):/usr/bin/gmake -f Makefile cmTC_40795/fast && /usr/bin/gmake  -f CMakeFiles/cmTC_40795.dir/build.make CMakeFiles/cmTC_40795.dir/build]
  ignore line: [gmake[1]: Entering directory '/home/phill/wyEspAgentPay/example/build/CMakeFiles/CMakeTmp']
  ignore line: [Building C object CMakeFiles/cmTC_40795.dir/CMakeCCompilerABI.c.obj]
  ignore line: [/home/phill/.espressif/tools/riscv32-esp-elf/esp-13.2.0_20240530/riscv32-esp-elf/bin/riscv32-esp-elf-gcc   -march=rv32imafc_zicsr_zifencei_xesppie -mabi=ilp32f     -v -o CMakeFiles/cmTC_40795.dir/CMakeCCompilerABI.c.obj -c /usr/share/cmake-3.22/Modules/CMakeCCompilerABI.c]
  ignore line: [Using built-in specs.]
  ignore line: [COLLECT_GCC=/home/phill/.espressif/tools/riscv32-esp-elf/esp-13.2.0_20240530/riscv32-esp-elf/bin/riscv32-esp-elf-gcc]
  ignore line: [Target: riscv32-esp-elf]
  ignore line: [Configured with: /builds/idf/crosstool-NG/.build/HOST-aarch64-linux-gnu/riscv32-esp-elf/src/gcc/configure --build=x86_64-build_pc-linux-gnu --host=aarch64-host_unknown-linux-gnu --target=riscv32-esp-elf --prefix=/builds/idf/crosstool-NG/builds/riscv32-esp-elf --exec_prefix=/builds/idf/crosstool-NG/builds/riscv32-esp-elf --with-local-prefix=/builds/idf/crosstool-NG/builds/riscv32-esp-elf/riscv32-esp-elf --with-sysroot=/builds/idf/crosstool-NG/builds/riscv32-esp-elf/riscv32-esp-elf --with-native-system-header-dir=/include --with-newlib --enable-threads=no --disable-shared --with-arch=rv32gc --with-abi=ilp32 --with-pkgversion='crosstool-NG esp-13.2.0_20240530' --disable-__cxa_atexit --enable-cxx-flags=-ffunction-sections --disable-libgomp --disable-libmudflap --disable-libmpx --disable-libssp --disable-libquadmath --disable-libquadmath-support --disable-libstdcxx-verbose --with-gmp=/builds/idf/crosstool-NG/.build/HOST-aarch64-linux-gnu/riscv32-esp-elf/buildtools/complibs-host --with-mpfr=/builds/idf/crosstool-NG/.build/HOST-aarch64-linux-gnu/riscv32-esp-elf/buildtools/complibs-host --with-mpc=/builds/idf/crosstool-NG/.build/HOST-aarch64-linux-gnu/riscv32-esp-elf/buildtools/complibs-host --with-isl=/builds/idf/crosstool-NG/.build/HOST-aarch64-linux-gnu/riscv32-esp-elf/buildtools/complibs-host --enable-lto --enable-target-optspace --without-long-double-128 --disable-nls --enable-multiarch --enable-languages=c c++ --disable-libstdcxx-verbose --enable-threads=posix --enable-gcov-custom-rtio --enable-libstdcxx-time=yes]
  ignore line: [Thread model: posix]
  ignore line: [Supported LTO compression algorithms: zlib zstd]
  ignore line: [gcc version 13.2.0 (crosstool-NG esp-13.2.0_20240530) ]
  ignore line: [COLLECT_GCC_OPTIONS='-march=rv32imafc_zicsr_zifencei_xesppie' '-mabi=ilp32f' '-v' '-o' 'CMakeFiles/cmTC_40795.dir/CMakeCCompilerABI.c.obj' '-c' '-misa-spec=20191213' '-march=rv32imafc_zicsr_zifencei_xesppie' '-dumpdir' 'CMakeFiles/cmTC_40795.dir/']
  ignore line: [ /home/phill/.espressif/tools/riscv32-esp-elf/esp-13.2.0_20240530/riscv32-esp-elf/bin/../libexec/gcc/riscv32-esp-elf/13.2.0/cc1 -quiet -v -imultilib rv32imafc_zicsr_zifencei/ilp32f -iprefix /home/phill/.espressif/tools/riscv32-esp-elf/esp-13.2.0_20240530/riscv32-esp-elf/bin/../lib/gcc/riscv32-esp-elf/13.2.0/ -isysroot /home/phill/.espressif/tools/riscv32-esp-elf/esp-13.2.0_20240530/riscv32-esp-elf/bin/../riscv32-esp-elf /usr/share/cmake-3.22/Modules/CMakeCCompilerABI.c -quiet -dumpdir CMakeFiles/cmTC_40795.dir/ -dumpbase CMakeCCompilerABI.c.c -dumpbase-ext .c -march=rv32imafc_zicsr_zifencei_xesppie -mabi=ilp32f -misa-spec=20191213 -march=rv32imafc_zicsr_zifencei_xesppie -version -o /tmp/ccKdwSZ5.s]
  ignore line: [GNU C17 (crosstool-NG esp-13.2.0_20240530) version 13.2.0 (riscv32-esp-elf)]
  ignore line: [	compiled by GNU C version 6.3.0 20170516  GMP version 6.2.1  MPFR version 4.2.1  MPC version 1.2.1  isl version isl-0.26-GMP]
  ignore line: []
  ignore line: [GGC heuristics: --param ggc-min-expand=100 --param ggc-min-heapsize=131072]
  ignore line: [ignoring duplicate directory "/home/phill/.espressif/tools/riscv32-esp-elf/esp-13.2.0_20240530/riscv32-esp-elf/bin/../lib/gcc/../../lib/gcc/riscv32-esp-elf/13.2.0/include"]
  ignore line: [ignoring nonexistent directory "/home/phill/.espressif/tools/riscv32-esp-elf/esp-13.2.0_20240530/riscv32-esp-elf/bin/../riscv32-esp-elf/builds/idf/crosstool-NG/builds/riscv32-esp-elf/riscv32-esp-elf/include"]
  ignore line: [ignoring duplicate directory "/home/phill/.espressif/tools/riscv32-esp-elf/esp-13.2.0_20240530/riscv32-esp-elf/bin/../lib/gcc/../../lib/gcc/riscv32-esp-elf/13.2.0/include-fixed"]
  ignore line: [ignoring duplicate directory "/home/phill/.espressif/tools/riscv32-esp-elf/esp-13.2.0_20240530/riscv32-esp-elf/bin/../lib/gcc/../../lib/gcc/riscv32-esp-elf/13.2.0/../../../../riscv32-esp-elf/include"]
  ignore line: [ignoring duplicate directory "/home/phill/.espressif/tools/riscv32-esp-elf/esp-13.2.0_20240530/riscv32-esp-elf/bin/../riscv32-esp-elf/include"]
  ignore line: [#include "..." search starts here:]
  ignore line: [#include <...> search starts here:]
  ignore line: [ /home/phill/.espressif/tools/riscv32-esp-elf/esp-13.2.0_20240530/riscv32-esp-elf/bin/../lib/gcc/riscv32-esp-elf/13.2.0/include]
  ignore line: [ /home/phill/.espressif/tools/riscv32-esp-elf/esp-13.2.0_20240530/riscv32-esp-elf/bin/../lib/gcc/riscv32-esp-elf/13.2.0/include-fixed]
  ignore line: [ /home/phill/.espressif/tools/riscv32-esp-elf/esp-13.2.0_20240530/riscv32-esp-elf/bin/../lib/gcc/riscv32-esp-elf/13.2.0/../../../../riscv32-esp-elf/include]
  ignore line: [End of search list.]
  ignore line: [Compiler executable checksum: 42457704b0c50327ce1b97c71567cc04]
  ignore line: [COLLECT_GCC_OPTIONS='-march=rv32imafc_zicsr_zifencei_xesppie' '-mabi=ilp32f' '-v' '-o' 'CMakeFiles/cmTC_40795.dir/CMakeCCompilerABI.c.obj' '-c' '-misa-spec=20191213' '-march=rv32imafc_zicsr_zifencei_xesppie' '-dumpdir' 'CMakeFiles/cmTC_40795.dir/']
  ignore line: [ /home/phill/.espressif/tools/riscv32-esp-elf/esp-13.2.0_20240530/riscv32-esp-elf/bin/../lib/gcc/riscv32-esp-elf/13.2.0/../../../../riscv32-esp-elf/bin/as -v --traditional-format -march=rv32imafc_zicsr_zifencei_xesppie -march=rv32imafc_zicsr_zifencei_xesppie -mabi=ilp32f -misa-spec=20191213 -o CMakeFiles/cmTC_40795.dir/CMakeCCompilerABI.c.obj /tmp/ccKdwSZ5.s]
  ignore line: [GNU assembler version 2.41 (riscv32-esp-elf) using BFD version (crosstool-NG esp-13.2.0_20240530) 2.41]
  ignore line: [COMPILER_PATH=/home/phill/.espressif/tools/riscv32-esp-elf/esp-13.2.0_20240530/riscv32-esp-elf/bin/../libexec/gcc/riscv32-esp-elf/13.2.0/:/home/phill/.espressif/tools/riscv32-esp-elf/esp-13.2.0_20240530/riscv32-esp-elf/bin/../libexec/gcc/:/home/phill/.espressif/tools/riscv32-esp-elf/esp-13.2.0_20240530/riscv32-esp-elf/bin/../lib/gcc/riscv32-esp-elf/13.2.0/../../../../riscv32-esp-elf/bin/]
  ignore line: [LIBRARY_PATH=/home/phill/.espressif/tools/riscv32-esp-elf/esp-13.2.0_20240530/riscv32-esp-elf/bin/../lib/gcc/riscv32-esp-elf/13.2.0/rv32imafc_zicsr_zifencei/ilp32f/:/home/phill/.espressif/tools/riscv32-esp-elf/esp-13.2.0_20240530/riscv32-esp-elf/bin/../lib/gcc/riscv32-esp-elf/13.2.0/../../../../riscv32-esp-elf/lib/rv32imafc_zicsr_zifencei/ilp32f/:/home/phill/.espressif/tools/riscv32-esp-elf/esp-13.2.0_20240530/riscv32-esp-elf/bin/../riscv32-esp-elf/lib/rv32imafc_zicsr_zifencei/ilp32f/:/home/phill/.espressif/tools/riscv32-esp-elf/esp-13.2.0_20240530/riscv32-esp-elf/bin/../lib/gcc/riscv32-esp-elf/13.2.0/:/home/phill/.espressif/tools/riscv32-esp-elf/esp-13.2.0_20240530/riscv32-esp-elf/bin/../lib/gcc/:/home/phill/.espressif/tools/riscv32-esp-elf/esp-13.2.0_20240530/riscv32-esp-elf/bin/../lib/gcc/riscv32-esp-elf/13.2.0/../../../../riscv32-esp-elf/lib/:/home/phill/.espressif/tools/riscv32-esp-elf/esp-13.2.0_20240530/riscv32-esp-elf/bin/../riscv32-esp-elf/lib/:/home/phill/.espressif/tools/riscv32-esp-elf/esp-13.2.0_20240530/riscv32-esp-elf/bin/../riscv32-esp-elf/usr/lib/]
  ignore line: [COLLECT_GCC_OPTIONS='-march=rv32imafc_zicsr_zifencei_xesppie' '-mabi=ilp32f' '-v' '-o' 'CMakeFiles/cmTC_40795.dir/CMakeCCompilerABI.c.obj' '-c' '-misa-spec=20191213' '-march=rv32imafc_zicsr_zifencei_xesppie' '-dumpdir' 'CMakeFiles/cmTC_40795.dir/CMakeCCompilerABI.c.']
  ignore line: [Linking C executable cmTC_40795]
  ignore line: [/usr/bin/cmake -E cmake_link_script CMakeFiles/cmTC_40795.dir/link.txt --verbose=1]
  ignore line: [/home/phill/.espressif/tools/riscv32-esp-elf/esp-13.2.0_20240530/riscv32-esp-elf/bin/riscv32-esp-elf-gcc -march=rv32imafc_zicsr_zifencei_xesppie -mabi=ilp32f   -nostartfiles -march=rv32imafc_zicsr_zifencei_xesppie -mabi=ilp32f --specs=nosys.specs  -v CMakeFiles/cmTC_40795.dir/CMakeCCompilerABI.c.obj -o cmTC_40795 ]
  ignore line: [Using built-in specs.]
  ignore line: [Reading specs from /home/phill/.espressif/tools/riscv32-esp-elf/esp-13.2.0_20240530/riscv32-esp-elf/bin/../lib/gcc/riscv32-esp-elf/13.2.0/../../../../riscv32-esp-elf/lib/nosys.specs]
  ignore line: [rename spec link_gcc_c_sequence to nosys_link_gcc_c_sequence]
  ignore line: [COLLECT_GCC=/home/phill/.espressif/tools/riscv32-esp-elf/esp-13.2.0_20240530/riscv32-esp-elf/bin/riscv32-esp-elf-gcc]
  ignore line: [COLLECT_LTO_WRAPPER=/home/phill/.espressif/tools/riscv32-esp-elf/esp-13.2.0_20240530/riscv32-esp-elf/bin/../libexec/gcc/riscv32-esp-elf/13.2.0/lto-wrapper]
  ignore line: [Target: riscv32-esp-elf]
  ignore line: [Configured with: /builds/idf/crosstool-NG/.build/HOST-aarch64-linux-gnu/riscv32-esp-elf/src/gcc/configure --build=x86_64-build_pc-linux-gnu --host=aarch64-host_unknown-linux-gnu --target=riscv32-esp-elf --prefix=/builds/idf/crosstool-NG/builds/riscv32-esp-elf --exec_prefix=/builds/idf/crosstool-NG/builds/riscv32-esp-elf --with-local-prefix=/builds/idf/crosstool-NG/builds/riscv32-esp-elf/riscv32-esp-elf --with-sysroot=/builds/idf/crosstool-NG/builds/riscv32-esp-elf/riscv32-esp-elf --with-native-system-header-dir=/include --with-newlib --enable-threads=no --disable-shared --with-arch=rv32gc --with-abi=ilp32 --with-pkgversion='crosstool-NG esp-13.2.0_20240530' --disable-__cxa_atexit --enable-cxx-flags=-ffunction-sections --disable-libgomp --disable-libmudflap --disable-libmpx --disable-libssp --disable-libquadmath --disable-libquadmath-support --disable-libstdcxx-verbose --with-gmp=/builds/idf/crosstool-NG/.build/HOST-aarch64-linux-gnu/riscv32-esp-elf/buildtools/complibs-host --with-mpfr=/builds/idf/crosstool-NG/.build/HOST-aarch64-linux-gnu/riscv32-esp-elf/buildtools/complibs-host --with-mpc=/builds/idf/crosstool-NG/.build/HOST-aarch64-linux-gnu/riscv32-esp-elf/buildtools/complibs-host --with-isl=/builds/idf/crosstool-NG/.build/HOST-aarch64-linux-gnu/riscv32-esp-elf/buildtools/complibs-host --enable-lto --enable-target-optspace --without-long-double-128 --disable-nls --enable-multiarch --enable-languages=c c++ --disable-libstdcxx-verbose --enable-threads=posix --enable-gcov-custom-rtio --enable-libstdcxx-time=yes]
  ignore line: [Thread model: posix]
  ignore line: [Supported LTO compression algorithms: zlib zstd]
  ignore line: [gcc version 13.2.0 (crosstool-NG esp-13.2.0_20240530) ]
  ignore line: [COMPILER_PATH=/home/phill/.espressif/tools/riscv32-esp-elf/esp-13.2.0_20240530/riscv32-esp-elf/bin/../libexec/gcc/riscv32-esp-elf/13.2.0/:/home/phill/.espressif/tools/riscv32-esp-elf/esp-13.2.0_20240530/riscv32-esp-elf/bin/../libexec/gcc/:/home/phill/.espressif/tools/riscv32-esp-elf/esp-13.2.0_20240530/riscv32-esp-elf/bin/../lib/gcc/riscv32-esp-elf/13.2.0/../../../../riscv32-esp-elf/bin/]
  ignore line: [LIBRARY_PATH=/home/phill/.espressif/tools/riscv32-esp-elf/esp-13.2.0_20240530/riscv32-esp-elf/bin/../lib/gcc/riscv32-esp-elf/13.2.0/rv32imafc_zicsr_zifencei/ilp32f/:/home/phill/.espressif/tools/riscv32-esp-elf/esp-13.2.0_20240530/riscv32-esp-elf/bin/../lib/gcc/riscv32-esp-elf/13.2.0/../../../../riscv32-esp-elf/lib/rv32imafc_zicsr_zifencei/ilp32f/:/home/phill/.espressif/tools/riscv32-esp-elf/esp-13.2.0_20240530/riscv32-esp-elf/bin/../riscv32-esp-elf/lib/rv32imafc_zicsr_zifencei/ilp32f/:/home/phill/.espressif/tools/riscv32-esp-elf/esp-13.2.0_20240530/riscv32-esp-elf/bin/../lib/gcc/riscv32-esp-elf/13.2.0/:/home/phill/.espressif/tools/riscv32-esp-elf/esp-13.2.0_20240530/riscv32-esp-elf/bin/../lib/gcc/:/home/phill/.espressif/tools/riscv32-esp-elf/esp-13.2.0_20240530/riscv32-esp-elf/bin/../lib/gcc/riscv32-esp-elf/13.2.0/../../../../riscv32-esp-elf/lib/:/home/phill/.espressif/tools/riscv32-esp-elf/esp-13.2.0_20240530/riscv32-esp-elf/bin/../riscv32-esp-elf/lib/:/home/phill/.espressif/tools/riscv32-esp-elf/esp-13.2.0_20240530/riscv32-esp-elf/bin/../riscv32-esp-elf/usr/lib/]
  ignore line: [COLLECT_GCC_OPTIONS='-nostartfiles' '-march=rv32imafc_zicsr_zifencei_xesppie' '-mabi=ilp32f' '-specs=nosys.specs' '-v' '-o' 'cmTC_40795' '-misa-spec=20191213' '-march=rv32imafc_zicsr_zifencei_xesppie' '-dumpdir' 'cmTC_40795.']
  link line: [ /home/phill/.espressif/tools/riscv32-esp-elf/esp-13.2.0_20240530/riscv32-esp-elf/bin/../libexec/gcc/riscv32-esp-elf/13.2.0/collect2 -plugin /home/phill/.espressif/tools/riscv32-esp-elf/esp-13.2.0_20240530/riscv32-esp-elf/bin/../libexec/gcc/riscv32-esp-elf/13.2.0/liblto_plugin.so -plugin-opt=/home/phill/.espressif/tools/riscv32-esp-elf/esp-13.2.0_20240530/riscv32-esp-elf/bin/../libexec/gcc/riscv32-esp-elf/13.2.0/lto-wrapper -plugin-opt=-fresolution=/tmp/cc9E92pz.res -plugin-opt=-pass-through=-lgcc -plugin-opt=-pass-through=-lc -plugin-opt=-pass-through=-lnosys -plugin-opt=-pass-through=-lc -plugin-opt=-pass-through=-lgcc -plugin-opt=-pass-through=-lgcc -plugin-opt=-pass-through=-lc -plugin-opt=-pass-through=-lnosys --sysroot=/home/phill/.espressif/tools/riscv32-esp-elf/esp-13.2.0_20240530/riscv32-esp-elf/bin/../riscv32-esp-elf -melf32lriscv -o cmTC_40795 -L/home/phill/.espressif/tools/riscv32-esp-elf/esp-13.2.0_20240530/riscv32-esp-elf/bin/../lib/gcc/riscv32-esp-elf/13.2.0/rv32imafc_zicsr_zifencei/ilp32f -L/home/phill/.espressif/tools/riscv32-esp-elf/esp-13.2.0_20240530/riscv32-esp-elf/bin/../lib/gcc/riscv32-esp-elf/13.2.0/../../../../riscv32-esp-elf/lib/rv32imafc_zicsr_zifencei/ilp32f -L/home/phill/.espressif/tools/riscv32-esp-elf/esp-13.2.0_20240530/riscv32-esp-elf/bin/../riscv32-esp-elf/lib/rv32imafc_zicsr_zifencei/ilp32f -L/home/phill/.espressif/tools/riscv32-esp-elf/esp-13.2.0_20240530/riscv32-esp-elf/bin/../lib/gcc/riscv32-esp-elf/13.2.0 -L/home/phill/.espressif/tools/riscv32-esp-elf/esp-13.2.0_20240530/riscv32-esp-elf/bin/../lib/gcc -L/home/phill/.espressif/tools/riscv32-esp-elf/esp-13.2.0_20240530/riscv32-esp-elf/bin/../lib/gcc/riscv32-esp-elf/13.2.0/../../../../riscv32-esp-elf/lib -L/home/phill/.espressif/tools/riscv32-esp-elf/esp-13.2.0_20240530/riscv32-esp-elf/bin/../riscv32-esp-elf/lib -L/home/phill/.espressif/tools/riscv32-esp-elf/esp-13.2.0_20240530/riscv32-esp-elf/bin/../riscv32-esp-elf/usr/lib CMakeFiles/cmTC_40795.dir/CMakeCCompilerABI.c.obj -lgcc -lc -lnosys -lc -lgcc --start-group -lgcc -lc -lnosys --end-group]
    arg [/home/phill/.espressif/tools/riscv32-esp-elf/esp-13.2.0_20240530/riscv32-esp-elf/bin/../libexec/gcc/riscv32-esp-elf/13.2.0/collect2] ==> ignore
    arg [-plugin] ==> ignore
    arg [/home/phill/.espressif/tools/riscv32-esp-elf/esp-13.2.0_20240530/riscv32-esp-elf/bin/../libexec/gcc/riscv32-esp-elf/13.2.0/liblto_plugin.so] ==> ignore
    arg [-plugin-opt=/home/phill/.espressif/tools/riscv32-esp-elf/esp-13.2.0_20240530/riscv32-esp-elf/bin/../libexec/gcc/riscv32-esp-elf/13.2.0/lto-wrapper] ==> ignore
    arg [-plugin-opt=-fresolution=/tmp/cc9E92pz.res] ==> ignore
    arg [-plugin-opt=-pass-through=-lgcc] ==> ignore
    arg [-plugin-opt=-pass-through=-lc] ==> ignore
    arg [-plugin-opt=-pass-through=-lnosys] ==> ignore
    arg [-plugin-opt=-pass-through=-lc] ==> ignore
    arg [-plugin-opt=-pass-through=-lgcc] ==> ignore
    arg [-plugin-opt=-pass-through=-lgcc] ==> ignore
    arg [-plugin-opt=-pass-through=-lc] ==> ignore
    arg [-plugin-opt=-pass-through=-lnosys] ==> ignore
    arg [--sysroot=/home/phill/.espressif/tools/riscv32-esp-elf/esp-13.2.0_20240530/riscv32-esp-elf/bin/../riscv32-esp-elf] ==> ignore
    arg [-melf32lriscv] ==> ignore
    arg [-o] ==> ignore
    arg [cmTC_40795] ==> ignore
    arg [-L/home/phill/.espressif/tools/riscv32-esp-elf/esp-13.2.0_20240530/riscv32-esp-elf/bin/../lib/gcc/riscv32-esp-elf/13.2.0/rv32imafc_zicsr_zifencei/ilp32f] ==> dir [/home/phill/.espressif/tools/riscv32-esp-elf/esp-13.2.0_20240530/riscv32-esp-elf/bin/../lib/gcc/riscv32-esp-elf/13.2.0/rv32imafc_zicsr_zifencei/ilp32f]
    arg [-L/home/phill/.espressif/tools/riscv32-esp-elf/esp-13.2.0_20240530/riscv32-esp-elf/bin/../lib/gcc/riscv32-esp-elf/13.2.0/../../../../riscv32-esp-elf/lib/rv32imafc_zicsr_zifencei/ilp32f] ==> dir [/home/phill/.espressif/tools/riscv32-esp-elf/esp-13.2.0_20240530/riscv32-esp-elf/bin/../lib/gcc/riscv32-esp-elf/13.2.0/../../../../riscv32-esp-elf/lib/rv32imafc_zicsr_zifencei/ilp32f]
    arg [-L/home/phill/.espressif/tools/riscv32-esp-elf/esp-13.2.0_20240530/riscv32-esp-elf/bin/../riscv32-esp-elf/lib/rv32imafc_zicsr_zifencei/ilp32f] ==> dir [/home/phill/.espressif/tools/riscv32-esp-elf/esp-13.2.0_20240530/riscv32-esp-elf/bin/../riscv32-esp-elf/lib/rv32imafc_zicsr_zifencei/ilp32f]
    arg [-L/home/phill/.espressif/tools/riscv32-esp-elf/esp-13.2.0_20240530/riscv32-esp-elf/bin/../lib/gcc/riscv32-esp-elf/13.2.0] ==> dir [/home/phill/.espressif/tools/riscv32-esp-elf/esp-13.2.0_20240530/riscv32-esp-elf/bin/../lib/gcc/riscv32-esp-elf/13.2.0]
    arg [-L/home/phill/.espressif/tools/riscv32-esp-elf/esp-13.2.0_20240530/riscv32-esp-elf/bin/../lib/gcc] ==> dir [/home/phill/.espressif/tools/riscv32-esp-elf/esp-13.2.0_20240530/riscv32-esp-elf/bin/../lib/gcc]
    arg [-L/home/phill/.espressif/tools/riscv32-esp-elf/esp-13.2.0_20240530/riscv32-esp-elf/bin/../lib/gcc/riscv32-esp-elf/13.2.0/../../../../riscv32-esp-elf/lib] ==> dir [/home/phill/.espressif/tools/riscv32-esp-elf/esp-13.2.0_20240530/riscv32-esp-elf/bin/../lib/gcc/riscv32-esp-elf/13.2.0/../../../../riscv32-esp-elf/lib]
    arg [-L/home/phill/.espressif/tools/riscv32-esp-elf/esp-13.2.0_20240530/riscv32-esp-elf/bin/../riscv32-esp-elf/lib] ==> dir [/home/phill/.espressif/tools/riscv32-esp-elf/esp-13.2.0_20240530/riscv32-esp-elf/bin/../riscv32-esp-elf/lib]
    arg [-L/home/phill/.espressif/tools/riscv32-esp-elf/esp-13.2.0_20240530/riscv32-esp-elf/bin/../riscv32-esp-elf/usr/lib] ==> dir [/home/phill/.espressif/tools/riscv32-esp-elf/esp-13.2.0_20240530/riscv32-esp-elf/bin/../riscv32-esp-elf/usr/lib]
    arg [CMakeFiles/cmTC_40795.dir/CMakeCCompilerABI.c.obj] ==> ignore
    arg [-lgcc] ==> lib [gcc]
    arg [-lc] ==> lib [c]
    arg [-lnosys] ==> lib [nosys]
    arg [-lc] ==> lib [c]
    arg [-lgcc] ==> lib [gcc]
    arg [--start-group] ==> ignore
    arg [-lgcc] ==> lib [gcc]
    arg [-lc] ==> lib [c]
    arg [-lnosys] ==> lib [nosys]
    arg [--end-group] ==> ignore
  collapse library dir [/home/phill/.espressif/tools/riscv32-esp-elf/esp-13.2.0_20240530/riscv32-esp-elf/bin/../lib/gcc/riscv32-esp-elf/13.2.0/rv32imafc_zicsr_zifencei/ilp32f] ==> [/home/phill/.espressif/tools/riscv32-esp-elf/esp-13.2.0_20240530/riscv32-esp-elf/lib/gcc/riscv32-esp-elf/13.2.0/rv32imafc_zicsr_zifencei/ilp32f]
  collapse library dir [/home/phill/.espressif/tools/riscv32-esp-elf/esp-13.2.0_20240530/riscv32-esp-elf/bin/../lib/gcc/riscv32-esp-elf/13.2.0/../../../../riscv32-esp-elf/lib/rv32imafc_zicsr_zifencei/ilp32f] ==> [/home/phill/.espressif/tools/riscv32-esp-elf/esp-13.2.0_20240530/riscv32-esp-elf/riscv32-esp-elf/lib/rv32imafc_zicsr_zifencei/ilp32f]
  collapse library dir [/home/phill/.espressif/tools/riscv32-esp-elf/esp-13.2.0_20240530/riscv32-esp-elf/bin/../riscv32-esp-elf/lib/rv32imafc_zicsr_zifencei/ilp32f] ==> [/home/phill/.espressif/tools/riscv32-esp-elf/esp-13.2.0_20240530/riscv32-esp-elf/riscv32-esp-elf/lib/rv32imafc_zicsr_zifencei/ilp32f]
  collapse library dir [/home/phill/.espressif/tools/riscv32-esp-elf/esp-13.2.0_20240530/riscv32-esp-elf/bin/../lib/gcc/riscv32-esp-elf/13.2.0] ==> [/home/phill/.espressif/tools/riscv32-esp-elf/esp-13.2.0_20240530/riscv32-esp-elf/lib/gcc/riscv32-esp-elf/13.2.0]
  collapse library dir [/home/phill/.espressif/tools/riscv32-esp-elf/esp-13.2.0_20240530/riscv32-esp-elf/bin/../lib/gcc] ==> [/home/phill/.espressif/tools/riscv32-esp-elf/esp-13.2.0_20240530/riscv32-esp-elf/lib/gcc]
  collapse library dir [/home/phill/.espressif/tools/riscv32-esp-elf/esp-13.2.0_20240530/riscv32-esp-elf/bin/../lib/gcc/riscv32-esp-elf/13.2.0/../../../../riscv32-esp-elf/lib] ==> [/home/phill/.espressif/tools/riscv32-esp-elf/esp-13.2.0_20240530/riscv32-esp-elf/riscv32-esp-elf/lib]
  collapse library dir [/home/phill/.espressif/tools/riscv32-esp-elf/esp-13.2.0_20240530/riscv32-esp-elf/bin/../riscv32-esp-elf/lib] ==> [/home/phill/.espressif/tools/riscv32-esp-elf/esp-13.2.0_20240530/riscv32-esp-elf/riscv32-esp-elf/lib]
  collapse library dir [/home/phill/.espressif/tools/riscv32-esp-elf/esp-13.2.0_20240530/riscv32-esp-elf/bin/../riscv32-esp-elf/usr/lib] ==> [/home/phill/.espressif/tools/riscv32-esp-elf/esp-13.2.0_20240530/riscv32-esp-elf/riscv32-esp-elf/usr/lib]
  implicit libs: [gcc;c;nosys;c;gcc;gcc;c;nosys]
  implicit objs: []
  implicit dirs: [/home/phill/.espressif/tools/riscv32-esp-elf/esp-13.2.0_20240530/riscv32-esp-elf/lib/gcc/riscv32-esp-elf/13.2.0/rv32imafc_zicsr_zifencei/ilp32f;/home/phill/.espressif/tools/riscv32-esp-elf/esp-13.2.0_20240530/riscv32-esp-elf/riscv32-esp-elf/lib/rv32imafc_zicsr_zifencei/ilp32f;/home/phill/.espressif/tools/riscv32-esp-elf/esp-13.2.0_20240530/riscv32-esp-elf/lib/gcc/riscv32-esp-elf/13.2.0;/home/phill/.espressif/tools/riscv32-esp-elf/esp-13.2.0_20240530/riscv32-esp-elf/lib/gcc;/home/phill/.espressif/tools/riscv32-esp-elf/esp-13.2.0_20240530/riscv32-esp-elf/riscv32-esp-elf/lib;/home/phill/.espressif/tools/riscv32-esp-elf/esp-13.2.0_20240530/riscv32-esp-elf/riscv32-esp-elf/usr/lib]
  implicit fwks: []


Detecting CXX compiler ABI info compiled with the following output:
Change Dir: /home/phill/wyEspAgentPay/example/build/CMakeFiles/CMakeTmp

Run Build Command(s):/usr/bin/gmake -f Makefile cmTC_74505/fast && /usr/bin/gmake  -f CMakeFiles/cmTC_74505.dir/build.make CMakeFiles/cmTC_74505.dir/build
gmake[1]: Entering directory '/home/phill/wyEspAgentPay/example/build/CMakeFiles/CMakeTmp'
Building CXX object CMakeFiles/cmTC_74505.dir/CMakeCXXCompilerABI.cpp.obj
/home/phill/.espressif/tools/riscv32-esp-elf/esp-13.2.0_20240530/riscv32-esp-elf/bin/riscv32-esp-elf-g++   -march=rv32imafc_zicsr_zifencei_xesppie -mabi=ilp32f     -v -o CMakeFiles/cmTC_74505.dir/CMakeCXXCompilerABI.cpp.obj -c /usr/share/cmake-3.22/Modules/CMakeCXXCompilerABI.cpp
Using built-in specs.
COLLECT_GCC=/home/phill/.espressif/tools/riscv32-esp-elf/esp-13.2.0_20240530/riscv32-esp-elf/bin/riscv32-esp-elf-g++
Target: riscv32-esp-elf
Configured with: /builds/idf/crosstool-NG/.build/HOST-aarch64-linux-gnu/riscv32-esp-elf/src/gcc/configure --build=x86_64-build_pc-linux-gnu --host=aarch64-host_unknown-linux-gnu --target=riscv32-esp-elf --prefix=/builds/idf/crosstool-NG/builds/riscv32-esp-elf --exec_prefix=/builds/idf/crosstool-NG/builds/riscv32-esp-elf --with-local-prefix=/builds/idf/crosstool-NG/builds/riscv32-esp-elf/riscv32-esp-elf --with-sysroot=/builds/idf/crosstool-NG/builds/riscv32-esp-elf/riscv32-esp-elf --with-native-system-header-dir=/include --with-newlib --enable-threads=no --disable-shared --with-arch=rv32gc --with-abi=ilp32 --with-pkgversion='crosstool-NG esp-13.2.0_20240530' --disable-__cxa_atexit --enable-cxx-flags=-ffunction-sections --disable-libgomp --disable-libmudflap --disable-libmpx --disable-libssp --disable-libquadmath --disable-libquadmath-support --disable-libstdcxx-verbose --with-gmp=/builds/idf/crosstool-NG/.build/HOST-aarch64-linux-gnu/riscv32-esp-elf/buildtools/complibs-host --with-mpfr=/builds/idf/crosstool-NG/.build/HOST-aarch64-linux-gnu/riscv32-esp-elf/buildtools/complibs-host --with-mpc=/builds/idf/crosstool-NG/.build/HOST-aarch64-linux-gnu/riscv32-esp-elf/buildtools/complibs-host --with-isl=/builds/idf/crosstool-NG/.build/HOST-aarch64-linux-gnu/riscv32-esp-elf/buildtools/complibs-host --enable-lto --enable-target-optspace --without-long-double-128 --disable-nls --enable-multiarch --enable-languages=c,c++ --disable-libstdcxx-verbose --enable-threads=posix --enable-gcov-custom-rtio --enable-libstdcxx-time=yes
Thread model: posix
Supported LTO compression algorithms: zlib zstd
gcc version 13.2.0 (crosstool-NG esp-13.2.0_20240530) 
COLLECT_GCC_OPTIONS='-march=rv32imafc_zicsr_zifencei_xesppie' '-mabi=ilp32f' '-v' '-o' 'CMakeFiles/cmTC_74505.dir/CMakeCXXCompilerABI.cpp.obj' '-c' '-misa-spec=20191213' '-march=rv32imafc_zicsr_zifencei_xesppie' '-dumpdir' 'CMakeFiles/cmTC_74505.dir/'
 /home/phill/.espressif/tools/riscv32-esp-elf/esp-13.2.0_20240530/riscv32-esp-elf/bin/../libexec/gcc/riscv32-esp-elf/13.2.0/cc1plus -quiet -v -imultilib rv32imafc_zicsr_zifencei/ilp32f -iprefix /home/phill/.espressif/tools/riscv32-esp-elf/esp-13.2.0_20240530/riscv32-esp-elf/bin/../lib/gcc/riscv32-esp-elf/13.2.0/ -isysroot /home/phill/.espressif/tools/riscv32-esp-elf/esp-13.2.0_20240530/riscv32-esp-elf/bin/../riscv32-esp-elf /usr/share/cmake-3.22/Modules/CMakeCXXCompilerABI.cpp -quiet -dumpdir CMakeFiles/cmTC_74505.dir/ -dumpbase CMakeCXXCompilerABI.cpp.cpp -dumpbase-ext .cpp -march=rv32imafc_zicsr_zifencei_xesppie -mabi=ilp32f -misa-spec=20191213 -march=rv32imafc_zicsr_zifencei_xesppie -version -o /tmp/ccSSgCwW.s
GNU C++17 (crosstool-NG esp-13.2.0_20240530) version 13.2.0 (riscv32-esp-elf)
	compiled by GNU C version 6.3.0 20170516, GMP version 6.2.1, MPFR version 4.2.1, MPC version 1.2.1, isl version isl-0.26-GMP

GGC heuristics: --param ggc-min-expand=100 --param ggc-min-heapsize=131072
ignoring duplicate directory "/home/phill/.espressif/tools/riscv32-esp-elf/esp-13.2.0_20240530/riscv32-esp-elf/bin/../lib/gcc/../../lib/gcc/riscv32-esp-elf/13.2.0/../../../../riscv32-esp-elf/include/c++/13.2.0"
ignoring duplicate directory "/home/phill/.espressif/tools/riscv32-esp-elf/esp-13.2.0_20240530/riscv32-esp-elf/bin/../lib/gcc/../../lib/gcc/riscv32-esp-elf/13.2.0/../../../../riscv32-esp-elf/include/c++/13.2.0/riscv32-esp-elf/rv32imafc_zicsr_zifencei/ilp32f"
ignoring duplicate directory "/home/phill/.espressif/tools/riscv32-esp-elf/esp-13.2.0_20240530/riscv32-esp-elf/bin/../lib/gcc/../../lib/gcc/riscv32-esp-elf/13.2.0/../../../../riscv32-esp-elf/include/c++/13.2.0/backward"
ignoring duplicate directory "/home/phill/.espressif/tools/riscv32-esp-elf/esp-13.2.0_20240530/riscv32-esp-elf/bin/../lib/gcc/../../lib/gcc/riscv32-esp-elf/13.2.0/include"
ignoring nonexistent directory "/home/phill/.espressif/tools/riscv32-esp-elf/esp-13.2.0_20240530/riscv32-esp-elf/bin/../riscv32-esp-elf/builds/idf/crosstool-NG/builds/riscv32-esp-elf/riscv32-esp-elf/include"
ignoring duplicate directory "/home/phill/.espressif/tools/riscv32-esp-elf/esp-13.2.0_20240530/riscv32-esp-elf/bin/../lib/gcc/../../lib/gcc/riscv32-esp-elf/13.2.0/include-fixed"
ignoring duplicate directory "/home/phill/.espressif/tools/riscv32-esp-elf/esp-13.2.0_20240530/riscv32-esp-elf/bin/../lib/gcc/../../lib/gcc/riscv32-esp-elf/13.2.0/../../../../riscv32-esp-elf/include"
ignoring duplicate directory "/home/phill/.espressif/tools/riscv32-esp-elf/esp-13.2.0_20240530/riscv32-esp-elf/bin/../riscv32-esp-elf/include"
#include "..." search starts here:
#include <...> search starts here:
 /home/phill/.espressif/tools/riscv32-esp-elf/esp-13.2.0_20240530/riscv32-esp-elf/bin/../lib/gcc/riscv32-esp-elf/13.2.0/../../../../riscv32-esp-elf/include/c++/13.2.0
 /home/phill/.espressif/tools/riscv32-esp-elf/esp-13.2.0_20240530/riscv32-esp-elf/bin/../lib/gcc/riscv32-esp-elf/13.2.0/../../../../riscv32-esp-elf/include/c++/13.2.0/riscv32-esp-elf/rv32imafc_zicsr_zifencei/ilp32f
 /home/phill/.espressif/tools/riscv32-esp-elf/esp-13.2.0_20240530/riscv32-esp-elf/bin/../lib/gcc/riscv32-esp-elf/13.2.0/../../../../riscv32-esp-elf/include/c++/13.2.0/backward
 /home/phill/.espressif/tools/riscv32-esp-elf/esp-13.2.0_20240530/riscv32-esp-elf/bin/../lib/gcc/riscv32-esp-elf/13.2.0/include
 /home/phill/.espressif/tools/riscv32-esp-elf/esp-13.2.0_20240530/riscv32-esp-elf/bin/../lib/gcc/riscv32-esp-elf/13.2.0/include-fixed
 /home/phill/.espressif/tools/riscv32-esp-elf/esp-13.2.0_20240530/riscv32-esp-elf/bin/../lib/gcc/riscv32-esp-elf/13.2.0/../../../../riscv32-esp-elf/include
End of search list.
Compiler executable checksum: a7d8489793fb44cc22bf35c369a62157
COLLECT_GCC_OPTIONS='-march=rv32imafc_zicsr_zifencei_xesppie' '-mabi=ilp32f' '-v' '-o' 'CMakeFiles/cmTC_74505.dir/CMakeCXXCompilerABI.cpp.obj' '-c' '-misa-spec=20191213' '-march=rv32imafc_zicsr_zifencei_xesppie' '-dumpdir' 'CMakeFiles/cmTC_74505.dir/'
 /home/phill/.espressif/tools/riscv32-esp-elf/esp-13.2.0_20240530/riscv32-esp-elf/bin/../lib/gcc/riscv32-esp-elf/13.2.0/../../../../riscv32-esp-elf/bin/as -v --traditional-format -march=rv32imafc_zicsr_zifencei_xesppie -march=rv32imafc_zicsr_zifencei_xesppie -mabi=ilp32f -misa-spec=20191213 -o CMakeFiles/cmTC_74505.dir/CMakeCXXCompilerABI.cpp.obj /tmp/ccSSgCwW.s
GNU assembler version 2.41 (riscv32-esp-elf) using BFD version (crosstool-NG esp-13.2.0_20240530) 2.41
COMPILER_PATH=/home/phill/.espressif/tools/riscv32-esp-elf/esp-13.2.0_20240530/riscv32-esp-elf/bin/../libexec/gcc/riscv32-esp-elf/13.2.0/:/home/phill/.espressif/tools/riscv32-esp-elf/esp-13.2.0_20240530/riscv32-esp-elf/bin/../libexec/gcc/:/home/phill/.espressif/tools/riscv32-esp-elf/esp-13.2.0_20240530/riscv32-esp-elf/bin/../lib/gcc/riscv32-esp-elf/13.2.0/../../../../riscv32-esp-elf/bin/
LIBRARY_PATH=/home/phill/.espressif/tools/riscv32-esp-elf/esp-13.2.0_20240530/riscv32-esp-elf/bin/../lib/gcc/riscv32-esp-elf/13.2.0/rv32imafc_zicsr_zifencei/ilp32f/:/home/phill/.espressif/tools/riscv32-esp-elf/esp-13.2.0_20240530/riscv32-esp-elf/bin/../lib/gcc/riscv32-esp-elf/13.2.0/../../../../riscv32-esp-elf/lib/rv32imafc_zicsr_zifencei/ilp32f/:/home/phill/.espressif/tools/riscv32-esp-elf/esp-13.2.0_20240530/riscv32-esp-elf/bin/../riscv32-esp-elf/lib/rv32imafc_zicsr_zifencei/ilp32f/:/home/phill/.espressif/tools/riscv32-esp-elf/esp-13.2.0_20240530/riscv32-esp-elf/bin/../lib/gcc/riscv32-esp-elf/13.2.0/:/home/phill/.espressif/tools/riscv32-esp-elf/esp-13.2.0_20240530/riscv32-esp-elf/bin/../lib/gcc/:/home/phill/.espressif/tools/riscv32-esp-elf/esp-13.2.0_20240530/riscv32-esp-elf/bin/../lib/gcc/riscv32-esp-elf/13.2.0/../../../../riscv32-esp-elf/lib/:/home/phill/.espressif/tools/riscv32-esp-elf/esp-13.2.0_20240530/riscv32-esp-elf/bin/../riscv32-esp-elf/lib/:/home/phill/.espressif/tools/riscv32-esp-elf/esp-13.2.0_20240530/riscv32-esp-elf/bin/../riscv32-esp-elf/usr/lib/
COLLECT_GCC_OPTIONS='-march=rv32imafc_zicsr_zifencei_xesppie' '-mabi=ilp32f' '-v' '-o' 'CMakeFiles/cmTC_74505.dir/CMakeCXXCompilerABI.cpp.obj' '-c' '-misa-spec=20191213' '-march=rv32imafc_zicsr_zifencei_xesppie' '-dumpdir' 'CMakeFiles/cmTC_74505.dir/CMakeCXXCompilerABI.cpp.'
Linking CXX executable cmTC_74505
/usr/bin/cmake -E cmake_link_script CMakeFiles/cmTC_74505.dir/link.txt --verbose=1
/home/phill/.espressif/tools/riscv32-esp-elf/esp-13.2.0_20240530/riscv32-esp-elf/bin/riscv32-esp-elf-g++ -march=rv32imafc_zicsr_zifencei_xesppie -mabi=ilp32f   -nostartfiles -march=rv32imafc_zicsr_zifencei_xesppie -mabi=ilp32f --specs=nosys.specs  -v CMakeFiles/cmTC_74505.dir/CMakeCXXCompilerABI.cpp.obj -o cmTC_74505 
Using built-in specs.
Reading specs from /home/phill/.espressif/tools/riscv32-esp-elf/esp-13.2.0_20240530/riscv32-esp-elf/bin/../lib/gcc/riscv32-esp-elf/13.2.0/../../../../riscv32-esp-elf/lib/nosys.specs
rename spec link_gcc_c_sequence to nosys_link_gcc_c_sequence
COLLECT_GCC=/home/phill/.espressif/tools/riscv32-esp-elf/esp-13.2.0_20240530/riscv32-esp-elf/bin/riscv32-esp-elf-g++
COLLECT_LTO_WRAPPER=/home/phill/.espressif/tools/riscv32-esp-elf/esp-13.2.0_20240530/riscv32-esp-elf/bin/../libexec/gcc/riscv32-esp-elf/13.2.0/lto-wrapper
Target: riscv32-esp-elf
Configured with: /builds/idf/crosstool-NG/.build/HOST-aarch64-linux-gnu/riscv32-esp-elf/src/gcc/configure --build=x86_64-build_pc-linux-gnu --host=aarch64-host_unknown-linux-gnu --target=riscv32-esp-elf --prefix=/builds/idf/crosstool-NG/builds/riscv32-esp-elf --exec_prefix=/builds/idf/crosstool-NG/builds/riscv32-esp-elf --with-local-prefix=/builds/idf/crosstool-NG/builds/riscv32-esp-elf/riscv32-esp-elf --with-sysroot=/builds/idf/crosstool-NG/builds/riscv32-esp-elf/riscv32-esp-elf --with-native-system-header-dir=/include --with-newlib --enable-threads=no --disable-shared --with-arch=rv32gc --with-abi=ilp32 --with-pkgversion='crosstool-NG esp-13.2.0_20240530' --disable-__cxa_atexit --enable-cxx-flags=-ffunction-sections --disable-libgomp --disable-libmudflap --disable-libmpx --disable-libssp --disable-libquadmath --disable-libquadmath-support --disable-libstdcxx-verbose --with-gmp=/builds/idf/crosstool-NG/.build/HOST-aarch64-linux-gnu/riscv32-esp-elf/buildtools/complibs-host --with-mpfr=/builds/idf/crosstool-NG/.build/HOST-aarch64-linux-gnu/riscv32-esp-elf/buildtools/complibs-host --with-mpc=/builds/idf/crosstool-NG/.build/HOST-aarch64-linux-gnu/riscv32-esp-elf/buildtools/complibs-host --with-isl=/builds/idf/crosstool-NG/.build/HOST-aarch64-linux-gnu/riscv32-esp-elf/buildtools/complibs-host --enable-lto --enable-target-optspace --without-long-double-128 --disable-nls --enable-multiarch --enable-languages=c,c++ --disable-libstdcxx-verbose --enable-threads=posix --enable-gcov-custom-rtio --enable-libstdcxx-time=yes
Thread model: posix
Supported LTO compression algorithms: zlib zstd
gcc version 13.2.0 (crosstool-NG esp-13.2.0_20240530) 
COMPILER_PATH=/home/phill/.espressif/tools/riscv32-esp-elf/esp-13.2.0_20240530/riscv32-esp-elf/bin/../libexec/gcc/riscv32-esp-elf/13.2.0/:/home/phill/.espressif/tools/riscv32-esp-elf/esp-13.2.0_20240530/riscv32-esp-elf/bin/../libexec/gcc/:/home/phill/.espressif/tools/riscv32-esp-elf/esp-13.2.0_20240530/riscv32-esp-elf/bin/../lib/gcc/riscv32-esp-elf/13.2.0/../../../../riscv32-esp-elf/bin/
LIBRARY_PATH=/home/phill/.espressif/tools/riscv32-esp-elf/esp-13.2.0_20240530/riscv32-esp-elf/bin/../lib/gcc/riscv32-esp-elf/13.2.0/rv32imafc_zicsr_zifencei/ilp32f/:/home/phill/.espressif/tools/riscv32-esp-elf/esp-13.2.0_20240530/riscv32-esp-elf/bin/../lib/gcc/riscv32-esp-elf/13.2.0/../../../../riscv32-esp-elf/lib/rv32imafc_zicsr_zifencei/ilp32f/:/home/phill/.espressif/tools/riscv32-esp-elf/esp-13.2.0_20240530/riscv32-esp-elf/bin/../riscv32-esp-elf/lib/rv32imafc_zicsr_zifencei/ilp32f/:/home/phill/.espressif/tools/riscv32-esp-elf/esp-13.2.0_20240530/riscv32-esp-elf/bin/../lib/gcc/riscv32-esp-elf/13.2.0/:/home/phill/.espressif/tools/riscv32-esp-elf/esp-13.2.0_20240530/riscv32-esp-elf/bin/../lib/gcc/:/home/phill/.espressif/tools/riscv32-esp-elf/esp-13.2.0_20240530/riscv32-esp-elf/bin/../lib/gcc/riscv32-esp-elf/13.2.0/../../../../riscv32-esp-elf/lib/:/home/phill/.espressif/tools/riscv32-esp-elf/esp-13.2.0_20240530/riscv32-esp-elf/bin/../riscv32-esp-elf/lib/:/home/phill/.espressif/tools/riscv32-esp-elf/esp-13.2.0_20240530/riscv32-esp-elf/bin/../riscv32-esp-elf/usr/lib/
COLLECT_GCC_OPTIONS='-nostartfiles' '-march=rv32imafc_zicsr_zifencei_xesppie' '-mabi=ilp32f' '-specs=nosys.specs' '-v' '-o' 'cmTC_74505' '-misa-spec=20191213' '-march=rv32imafc_zicsr_zifencei_xesppie' '-dumpdir' 'cmTC_74505.'
 /home/phill/.espressif/tools/riscv32-esp-elf/esp-13.2.0_20240530/riscv32-esp-elf/bin/../libexec/gcc/riscv32-esp-elf/13.2.0/collect2 -plugin /home/phill/.espressif/tools/riscv32-esp-elf/esp-13.2.0_20240530/riscv32-esp-elf/bin/../libexec/gcc/riscv32-esp-elf/13.2.0/liblto_plugin.so -plugin-opt=/home/phill/.espressif/tools/riscv32-esp-elf/esp-13.2.0_20240530/riscv32-esp-elf/bin/../libexec/gcc/riscv32-esp-elf/13.2.0/lto-wrapper -plugin-opt=-fresolution=/tmp/ccm6K1Y2.res -plugin-opt=-pass-through=-lgcc -plugin-opt=-pass-through=-lc -plugin-opt=-pass-through=-lnosys -plugin-opt=-pass-through=-lc -plugin-opt=-pass-through=-lgcc -plugin-opt=-pass-through=-lgcc -plugin-opt=-pass-through=-lc -plugin-opt=-pass-through=-lnosys --sysroot=/home/phill/.espressif/tools/riscv32-esp-elf/esp-13.2.0_20240530/riscv32-esp-elf/bin/../riscv32-esp-elf -melf32lriscv -o cmTC_74505 -L/home/phill/.espressif/tools/riscv32-esp-elf/esp-13.2.0_20240530/riscv32-esp-elf/bin/../lib/gcc/riscv32-esp-elf/13.2.0/rv32imafc_zicsr_zifencei/ilp32f -L/home/phill/.espressif/tools/riscv32-esp-elf/esp-13.2.0_20240530/riscv32-esp-elf/bin/../lib/gcc/riscv32-esp-elf/13.2.0/../../../../riscv32-esp-elf/lib/rv32imafc_zicsr_zifencei/ilp32f -L/home/phill/.espressif/tools/riscv32-esp-elf/esp-13.2.0_20240530/riscv32-esp-elf/bin/../riscv32-esp-elf/lib/rv32imafc_zicsr_zifencei/ilp32f -L/home/phill/.espressif/tools/riscv32-esp-elf/esp-13.2.0_20240530/riscv32-esp-elf/bin/../lib/gcc/riscv32-esp-elf/13.2.0 -L/home/phill/.espressif/tools/riscv32-esp-elf/esp-13.2.0_20240530/riscv32-esp-elf/bin/../lib/gcc -L/home/phill/.espressif/tools/riscv32-esp-elf/esp-13.2.0_20240530/riscv32-esp-elf/bin/../lib/gcc/riscv32-esp-elf/13.2.0/../../../../riscv32-esp-elf/lib -L/home/phill/.espressif/tools/riscv32-esp-elf/esp-13.2.0_20240530/riscv32-esp-elf/bin/../riscv32-esp-elf/lib -L/home/phill/.espressif/tools/riscv32-esp-elf/esp-13.2.0_20240530/riscv32-esp-elf/bin/../riscv32-esp-elf/usr/lib CMakeFiles/cmTC_74505.dir/CMakeCXXCompilerABI.cpp.obj -lstdc++ -lm -lgcc -lc -lnosys -lc -lgcc --start-group -lgcc -lc -lnosys --end-group
/home/phill/.espressif/tools/riscv32-esp-elf/esp-13.2.0_20240530/riscv32-esp-elf/bin/../lib/gcc/riscv32-esp-elf/13.2.0/../../../../riscv32-esp-elf/bin/ld: warning: cannot find entry symbol _start; defaulting to 00010074
COLLECT_GCC_OPTIONS='-nostartfiles' '-march=rv32imafc_zicsr_zifencei_xesppie' '-mabi=ilp32f' '-specs=nosys.specs' '-v' '-o' 'cmTC_74505' '-misa-spec=20191213' '-march=rv32imafc_zicsr_zifencei_xesppie' '-dumpdir' 'cmTC_74505.'
gmake[1]: Leaving directory '/home/phill/wyEspAgentPay/example/build/CMakeFiles/CMakeTmp'



Parsed CXX implicit include dir info from above output: rv=done
  found start of include info
  found start of implicit include info
    add: [/home/phill/.espressif/tools/riscv32-esp-elf/esp-13.2.0_20240530/riscv32-esp-elf/bin/../lib/gcc/riscv32-esp-elf/13.2.0/../../../../riscv32-esp-elf/include/c++/13.2.0]
    add: [/home/phill/.espressif/tools/riscv32-esp-elf/esp-13.2.0_20240530/riscv32-esp-elf/bin/../lib/gcc/riscv32-esp-elf/13.2.0/../../../../riscv32-esp-elf/include/c++/13.2.0/riscv32-esp-elf/rv32imafc_zicsr_zifencei/ilp32f]
    add: [/home/phill/.espressif/tools/riscv32-esp-elf/esp-13.2.0_20240530/riscv32-esp-elf/bin/../lib/gcc/riscv32-esp-elf/13.2.0/../../../../riscv32-esp-elf/include/c++/13.2.0/backward]
    add: [/home/phill/.espressif/tools/riscv32-esp-elf/esp-13.2.0_20240530/riscv32-esp-elf/bin/../lib/gcc/riscv32-esp-elf/13.2.0/include]
    add: [/home/phill/.espressif/tools/riscv32-esp-elf/esp-13.2.0_20240530/riscv32-esp-elf/bin/../lib/gcc/riscv32-esp-elf/13.2.0/include-fixed]
    add: [/home/phill/.espressif/tools/riscv32-esp-elf/esp-13.2.0_20240530/riscv32-esp-elf/bin/../lib/gcc/riscv32-esp-elf/13.2.0/../../../../riscv32-esp-elf/include]
  end of search list found
  collapse include dir [/home/phill/.espressif/tools/riscv32-esp-elf/esp-13.2.0_20240530/riscv32-esp-elf/bin/../lib/gcc/riscv32-esp-elf/13.2.0/../../../../riscv32-esp-elf/include/c++/13.2.0] ==> [/home/phill/.espressif/tools/riscv32-esp-elf/esp-13.2.0_20240530/riscv32-esp-elf/riscv32-esp-elf/include/c++/13.2.0]
  collapse include dir [/home/phill/.espressif/tools/riscv32-esp-elf/esp-13.2.0_20240530/riscv32-esp-elf/bin/../lib/gcc/riscv32-esp-elf/13.2.0/../../../../riscv32-esp-elf/include/c++/13.2.0/riscv32-esp-elf/rv32imafc_zicsr_zifencei/ilp32f] ==> [/home/phill/.espressif/tools/riscv32-esp-elf/esp-13.2.0_20240530/riscv32-esp-elf/riscv32-esp-elf/include/c++/13.2.0/riscv32-esp-elf/rv32imafc_zicsr_zifencei/ilp32f]
  collapse include dir [/home/phill/.espressif/tools/riscv32-esp-elf/esp-13.2.0_20240530/riscv32-esp-elf/bin/../lib/gcc/riscv32-esp-elf/13.2.0/../../../../riscv32-esp-elf/include/c++/13.2.0/backward] ==> [/home/phill/.espressif/tools/riscv32-esp-elf/esp-13.2.0_20240530/riscv32-esp-elf/riscv32-esp-elf/include/c++/13.2.0/backward]
  collapse include dir [/home/phill/.espressif/tools/riscv32-esp-elf/esp-13.2.0_20240530/riscv32-esp-elf/bin/../lib/gcc/riscv32-esp-elf/13.2.0/include] ==> [/home/phill/.espressif/tools/riscv32-esp-elf/esp-13.2.0_20240530/riscv32-esp-elf/lib/gcc/riscv32-esp-elf/13.2.0/include]
  collapse include dir [/home/phill/.espressif/tools/riscv32-esp-elf/esp-13.2.0_20240530/riscv32-esp-elf/bin/../lib/gcc/riscv32-esp-elf/13.2.0/include-fixed] ==> [/home/phill/.espressif/tools/riscv32-esp-elf/esp-13.2.0_20240530/riscv32-esp-elf/lib/gcc/riscv32-esp-elf/13.2.0/include-fixed]
  collapse include dir [/home/phill/.espressif/tools/riscv32-esp-elf/esp-13.2.0_20240530/riscv32-esp-elf/bin/../lib/gcc/riscv32-esp-elf/13.2.0/../../../../riscv32-esp-elf/include] ==> [/home/phill/.espressif/tools/riscv32-esp-elf/esp-13.2.0_20240530/riscv32-esp-elf/riscv32-esp-elf/include]
  implicit include dirs: [/home/phill/.espressif/tools/riscv32-esp-elf/esp-13.2.0_20240530/riscv32-esp-elf/riscv32-esp-elf/include/c++/13.2.0;/home/phill/.espressif/tools/riscv32-esp-elf/esp-13.2.0_20240530/riscv32-esp-elf/riscv32-esp-elf/include/c++/13.2.0/riscv32-esp-elf/rv32imafc_zicsr_zifencei/ilp32f;/home/phill/.espressif/tools/riscv32-esp-elf/esp-13.2.0_20240530/riscv32-esp-elf/riscv32-esp-elf/include/c++/13.2.0/backward;/home/phill/.espressif/tools/riscv32-esp-elf/esp-13.2.0_20240530/riscv32-esp-elf/lib/gcc/riscv32-esp-elf/13.2.0/include;/home/phill/.espressif/tools/riscv32-esp-elf/esp-13.2.0_20240530/riscv32-esp-elf/lib/gcc/riscv32-esp-elf/13.2.0/include-fixed;/home/phill/.espressif/tools/riscv32-esp-elf/esp-13.2.0_20240530/riscv32-esp-elf/riscv32-esp-elf/include]


Parsed CXX implicit link information from above output:
  link line regex: [^( *|.*[/\])(riscv32-esp-elf-ld|CMAKE_LINK_STARTFILE-NOTFOUND|([^/\]+-)?ld|collect2)[^/\]*( |$)]
  ignore line: [Change Dir: /home/phill/wyEspAgentPay/example/build/CMakeFiles/CMakeTmp]
  ignore line: []
  ignore line: [Run Build Command(s):/usr/bin/gmake -f Makefile cmTC_74505/fast && /usr/bin/gmake  -f CMakeFiles/cmTC_74505.dir/build.make CMakeFiles/cmTC_74505.dir/build]
  ignore line: [gmake[1]: Entering directory '/home/phill/wyEspAgentPay/example/build/CMakeFiles/CMakeTmp']
  ignore line: [Building CXX object CMakeFiles/cmTC_74505.dir/CMakeCXXCompilerABI.cpp.obj]
  ignore line: [/home/phill/.espressif/tools/riscv32-esp-elf/esp-13.2.0_20240530/riscv32-esp-elf/bin/riscv32-esp-elf-g++   -march=rv32imafc_zicsr_zifencei_xesppie -mabi=ilp32f     -v -o CMakeFiles/cmTC_74505.dir/CMakeCXXCompilerABI.cpp.obj -c /usr/share/cmake-3.22/Modules/CMakeCXXCompilerABI.cpp]
  ignore line: [Using built-in specs.]
  ignore line: [COLLECT_GCC=/home/phill/.espressif/tools/riscv32-esp-elf/esp-13.2.0_20240530/riscv32-esp-elf/bin/riscv32-esp-elf-g++]
  ignore line: [Target: riscv32-esp-elf]
  ignore line: [Configured with: /builds/idf/crosstool-NG/.build/HOST-aarch64-linux-gnu/riscv32-esp-elf/src/gcc/configure --build=x86_64-build_pc-linux-gnu --host=aarch64-host_unknown-linux-gnu --target=riscv32-esp-elf --prefix=/builds/idf/crosstool-NG/builds/riscv32-esp-elf --exec_prefix=/builds/idf/crosstool-NG/builds/riscv32-esp-elf --with-local-prefix=/builds/idf/crosstool-NG/builds/riscv32-esp-elf/riscv32-esp-elf --with-sysroot=/builds/idf/crosstool-NG/builds/riscv32-esp-elf/riscv32-esp-elf --with-native-system-header-dir=/include --with-newlib --enable-threads=no --disable-shared --with-arch=rv32gc --with-abi=ilp32 --with-pkgversion='crosstool-NG esp-13.2.0_20240530' --disable-__cxa_atexit --enable-cxx-flags=-ffunction-sections --disable-libgomp --disable-libmudflap --disable-libmpx --disable-libssp --disable-libquadmath --disable-libquadmath-support --disable-libstdcxx-verbose --with-gmp=/builds/idf/crosstool-NG/.build/HOST-aarch64-linux-gnu/riscv32-esp-elf/buildtools/complibs-host --with-mpfr=/builds/idf/crosstool-NG/.build/HOST-aarch64-linux-gnu/riscv32-esp-elf/buildtools/complibs-host --with-mpc=/builds/idf/crosstool-NG/.build/HOST-aarch64-linux-gnu/riscv32-esp-elf/buildtools/complibs-host --with-isl=/builds/idf/crosstool-NG/.build/HOST-aarch64-linux-gnu/riscv32-esp-elf/buildtools/complibs-host --enable-lto --enable-target-optspace --without-long-double-128 --disable-nls --enable-multiarch --enable-languages=c c++ --disable-libstdcxx-verbose --enable-threads=posix --enable-gcov-custom-rtio --enable-libstdcxx-time=yes]
  ignore line: [Thread model: posix]
  ignore line: [Supported LTO compression algorithms: zlib zstd]
  ignore line: [gcc version 13.2.0 (crosstool-NG esp-13.2.0_20240530) ]
  ignore line: [COLLECT_GCC_OPTIONS='-march=rv32imafc_zicsr_zifencei_xesppie' '-mabi=ilp32f' '-v' '-o' 'CMakeFiles/cmTC_74505.dir/CMakeCXXCompilerABI.cpp.obj' '-c' '-misa-spec=20191213' '-march=rv32imafc_zicsr_zifencei_xesppie' '-dumpdir' 'CMakeFiles/cmTC_74505.dir/']
  ignore line: [ /home/phill/.espressif/tools/riscv32-esp-elf/esp-13.2.0_20240530/riscv32-esp-elf/bin/../libexec/gcc/riscv32-esp-elf/13.2.0/cc1plus -quiet -v -imultilib rv32imafc_zicsr_zifencei/ilp32f -iprefix /home/phill/.espressif/tools/riscv32-esp-elf/esp-13.2.0_20240530/riscv32-esp-elf/bin/../lib/gcc/riscv32-esp-elf/13.2.0/ -isysroot /home/phill/.espressif/tools/riscv32-esp-elf/esp-13.2.0_20240530/riscv32-esp-elf/bin/../riscv32-esp-elf /usr/share/cmake-3.22/Modules/CMakeCXXCompilerABI.cpp -quiet -dumpdir CMakeFiles/cmTC_74505.dir/ -dumpbase CMakeCXXCompilerABI.cpp.cpp -dumpbase-ext .cpp -march=rv32imafc_zicsr_zifencei_xesppie -mabi=ilp32f -misa-spec=20191213 -march=rv32imafc_zicsr_zifencei_xesppie -version -o /tmp/ccSSgCwW.s]
  ignore line: [GNU C++17 (crosstool-NG esp-13.2.0_20240530) version 13.2.0 (riscv32-esp-elf)]
  ignore line: [	compiled by GNU C version 6.3.0 20170516  GMP version 6.2.1  MPFR version 4.2.1  MPC version 1.2.1  isl version isl-0.26-GMP]
  ignore line: []
  ignore line: [GGC heuristics: --param ggc-min-expand=100 --param ggc-min-heapsize=131072]
  ignore line: [ignoring duplicate directory "/home/phill/.espressif/tools/riscv32-esp-elf/esp-13.2.0_20240530/riscv32-esp-elf/bin/../lib/gcc/../../lib/gcc/riscv32-esp-elf/13.2.0/../../../../riscv32-esp-elf/include/c++/13.2.0"]
  ignore line: [ignoring duplicate directory "/home/phill/.espressif/tools/riscv32-esp-elf/esp-13.2.0_20240530/riscv32-esp-elf/bin/../lib/gcc/../../lib/gcc/riscv32-esp-elf/13.2.0/../../../../riscv32-esp-elf/include/c++/13.2.0/riscv32-esp-elf/rv32imafc_zicsr_zifencei/ilp32f"]
  ignore line: [ignoring duplicate directory "/home/phill/.espressif/tools/riscv32-esp-elf/esp-13.2.0_20240530/riscv32-esp-elf/bin/../lib/gcc/../../lib/gcc/riscv32-esp-elf/13.2.0/../../../../riscv32-esp-elf/include/c++/13.2.0/backward"]
  ignore line: [ignoring duplicate directory "/home/phill/.espressif/tools/riscv32-esp-elf/esp-13.2.0_20240530/riscv32-esp-elf/bin/../lib/gcc/../../lib/gcc/riscv32-esp-elf/13.2.0/include"]
  ignore line: [ignoring nonexistent directory "/home/phill/.espressif/tools/riscv32-esp-elf/esp-13.2.0_20240530/riscv32-esp-elf/bin/../riscv32-esp-elf/builds/idf/crosstool-NG/builds/riscv32-esp-elf/riscv32-esp-elf/include"]
  ignore line: [ignoring duplicate directory "/home/phill/.espressif/tools/riscv32-esp-elf/esp-13.2.0_20240530/riscv32-esp-elf/bin/../lib/gcc/../../lib/gcc/riscv32-esp-elf/13.2.0/include-fixed"]
  ignore line: [ignoring duplicate directory "/home/phill/.espressif/tools/riscv32-esp-elf/esp-13.2.0_20240530/riscv32-esp-elf/bin/../lib/gcc/../../lib/gcc/riscv32-esp-elf/13.2.0/../../../../riscv32-esp-elf/include"]
  ignore line: [ignoring duplicate directory "/home/phill/.espressif/tools/riscv32-esp-elf/esp-13.2.0_20240530/riscv32-esp-elf/bin/../riscv32-esp-elf/include"]
  ignore line: [#include "..." search starts here:]
  ignore line: [#include <...> search starts here:]
  ignore line: [ /home/phill/.espressif/tools/riscv32-esp-elf/esp-13.2.0_20240530/riscv32-esp-elf/bin/../lib/gcc/riscv32-esp-elf/13.2.0/../../../../riscv32-esp-elf/include/c++/13.2.0]
  ignore line: [ /home/phill/.espressif/tools/riscv32-esp-elf/esp-13.2.0_20240530/riscv32-esp-elf/bin/../lib/gcc/riscv32-esp-elf/13.2.0/../../../../riscv32-esp-elf/include/c++/13.2.0/riscv32-esp-elf/rv32imafc_zicsr_zifencei/ilp32f]
  ignore line: [ /home/phill/.espressif/tools/riscv32-esp-elf/esp-13.2.0_20240530/riscv32-esp-elf/bin/../lib/gcc/riscv32-esp-elf/13.2.0/../../../../riscv32-esp-elf/include/c++/13.2.0/backward]
  ignore line: [ /home/phill/.espressif/tools/riscv32-esp-elf/esp-13.2.0_20240530/riscv32-esp-elf/bin/../lib/gcc/riscv32-esp-elf/13.2.0/include]
  ignore line: [ /home/phill/.espressif/tools/riscv32-esp-elf/esp-13.2.0_20240530/riscv32-esp-elf/bin/../lib/gcc/riscv32-esp-elf/13.2.0/include-fixed]
  ignore line: [ /home/phill/.espressif/tools/riscv32-esp-elf/esp-13.2.0_20240530/riscv32-esp-elf/bin/../lib/gcc/riscv32-esp-elf/13.2.0/../../../../riscv32-esp-elf/include]
  ignore line: [End of search list.]
  ignore line: [Compiler executable checksum: a7d8489793fb44cc22bf35c369a62157]
  ignore line: [COLLECT_GCC_OPTIONS='-march=rv32imafc_zicsr_zifencei_xesppie' '-mabi=ilp32f' '-v' '-o' 'CMakeFiles/cmTC_74505.dir/CMakeCXXCompilerABI.cpp.obj' '-c' '-misa-spec=20191213' '-march=rv32imafc_zicsr_zifencei_xesppie' '-dumpdir' 'CMakeFiles/cmTC_74505.dir/']
  ignore line: [ /home/phill/.espressif/tools/riscv32-esp-elf/esp-13.2.0_20240530/riscv32-esp-elf/bin/../lib/gcc/riscv32-esp-elf/13.2.0/../../../../riscv32-esp-elf/bin/as -v --traditional-format -march=rv32imafc_zicsr_zifencei_xesppie -march=rv32imafc_zicsr_zifencei_xesppie -mabi=ilp32f -misa-spec=20191213 -o CMakeFiles/cmTC_74505.dir/CMakeCXXCompilerABI.cpp.obj /tmp/ccSSgCwW.s]
  ignore line: [GNU assembler version 2.41 (riscv32-esp-elf) using BFD version (crosstool-NG esp-13.2.0_20240530) 2.41]
  ignore line: [COMPILER_PATH=/home/phill/.espressif/tools/riscv32-esp-elf/esp-13.2.0_20240530/riscv32-esp-elf/bin/../libexec/gcc/riscv32-esp-elf/13.2.0/:/home/phill/.espressif/tools/riscv32-esp-elf/esp-13.2.0_20240530/riscv32-esp-elf/bin/../libexec/gcc/:/home/phill/.espressif/tools/riscv32-esp-elf/esp-13.2.0_20240530/riscv32-esp-elf/bin/../lib/gcc/riscv32-esp-elf/13.2.0/../../../../riscv32-esp-elf/bin/]
  ignore line: [LIBRARY_PATH=/home/phill/.espressif/tools/riscv32-esp-elf/esp-13.2.0_20240530/riscv32-esp-elf/bin/../lib/gcc/riscv32-esp-elf/13.2.0/rv32imafc_zicsr_zifencei/ilp32f/:/home/phill/.espressif/tools/riscv32-esp-elf/esp-13.2.0_20240530/riscv32-esp-elf/bin/../lib/gcc/riscv32-esp-elf/13.2.0/../../../../riscv32-esp-elf/lib/rv32imafc_zicsr_zifencei/ilp32f/:/home/phill/.espressif/tools/riscv32-esp-elf/esp-13.2.0_20240530/riscv32-esp-elf/bin/../riscv32-esp-elf/lib/rv32imafc_zicsr_zifencei/ilp32f/:/home/phill/.espressif/tools/riscv32-esp-elf/esp-13.2.0_20240530/riscv32-esp-elf/bin/../lib/gcc/riscv32-esp-elf/13.2.0/:/home/phill/.espressif/tools/riscv32-esp-elf/esp-13.2.0_20240530/riscv32-esp-elf/bin/../lib/gcc/:/home/phill/.espressif/tools/riscv32-esp-elf/esp-13.2.0_20240530/riscv32-esp-elf/bin/../lib/gcc/riscv32-esp-elf/13.2.0/../../../../riscv32-esp-elf/lib/:/home/phill/.espressif/tools/riscv32-esp-elf/esp-13.2.0_20240530/riscv32-esp-elf/bin/../riscv32-esp-elf/lib/:/home/phill/.espressif/tools/riscv32-esp-elf/esp-13.2.0_20240530/riscv32-esp-elf/bin/../riscv32-esp-elf/usr/lib/]
  ignore line: [COLLECT_GCC_OPTIONS='-march=rv32imafc_zicsr_zifencei_xesppie' '-mabi=ilp32f' '-v' '-o' 'CMakeFiles/cmTC_74505.dir/CMakeCXXCompilerABI.cpp.obj' '-c' '-misa-spec=20191213' '-march=rv32imafc_zicsr_zifencei_xesppie' '-dumpdir' 'CMakeFiles/cmTC_74505.dir/CMakeCXXCompilerABI.cpp.']
  ignore line: [Linking CXX executable cmTC_74505]
  ignore line: [/usr/bin/cmake -E cmake_link_script CMakeFiles/cmTC_74505.dir/link.txt --verbose=1]
  ignore line: [/home/phill/.espressif/tools/riscv32-esp-elf/esp-13.2.0_20240530/riscv32-esp-elf/bin/riscv32-esp-elf-g++ -march=rv32imafc_zicsr_zifencei_xesppie -mabi=ilp32f   -nostartfiles -march=rv32imafc_zicsr_zifencei_xesppie -mabi=ilp32f --specs=nosys.specs  -v CMakeFiles/cmTC_74505.dir/CMakeCXXCompilerABI.cpp.obj -o cmTC_74505 ]
  ignore line: [Using built-in specs.]
  ignore line: [Reading specs from /home/phill/.espressif/tools/riscv32-esp-elf/esp-13.2.0_20240530/riscv32-esp-elf/bin/../lib/gcc/riscv32-esp-elf/13.2.0/../../../../riscv32-esp-elf/lib/nosys.specs]
  ignore line: [rename spec link_gcc_c_sequence to nosys_link_gcc_c_sequence]
  ignore line: [COLLECT_GCC=/home/phill/.espressif/tools/riscv32-esp-elf/esp-13.2.0_20240530/riscv32-esp-elf/bin/riscv32-esp-elf-g++]
  ignore line: [COLLECT_LTO_WRAPPER=/home/phill/.espressif/tools/riscv32-esp-elf/esp-13.2.0_20240530/riscv32-esp-elf/bin/../libexec/gcc/riscv32-esp-elf/13.2.0/lto-wrapper]
  ignore line: [Target: riscv32-esp-elf]
  ignore line: [Configured with: /builds/idf/crosstool-NG/.build/HOST-aarch64-linux-gnu/riscv32-esp-elf/src/gcc/configure --build=x86_64-build_pc-linux-gnu --host=aarch64-host_unknown-linux-gnu --target=riscv32-esp-elf --prefix=/builds/idf/crosstool-NG/builds/riscv32-esp-elf --exec_prefix=/builds/idf/crosstool-NG/builds/riscv32-esp-elf --with-local-prefix=/builds/idf/crosstool-NG/builds/riscv32-esp-elf/riscv32-esp-elf --with-sysroot=/builds/idf/crosstool-NG/builds/riscv32-esp-elf/riscv32-esp-elf --with-native-system-header-dir=/include --with-newlib --enable-threads=no --disable-shared --with-arch=rv32gc --with-abi=ilp32 --with-pkgversion='crosstool-NG esp-13.2.0_20240530' --disable-__cxa_atexit --enable-cxx-flags=-ffunction-sections --disable-libgomp --disable-libmudflap --disable-libmpx --disable-libssp --disable-libquadmath --disable-libquadmath-support --disable-libstdcxx-verbose --with-gmp=/builds/idf/crosstool-NG/.build/HOST-aarch64-linux-gnu/riscv32-esp-elf/buildtools/complibs-host --with-mpfr=/builds/idf/crosstool-NG/.build/HOST-aarch64-linux-gnu/riscv32-esp-elf/buildtools/complibs-host --with-mpc=/builds/idf/crosstool-NG/.build/HOST-aarch64-linux-gnu/riscv32-esp-elf/buildtools/complibs-host --with-isl=/builds/idf/crosstool-NG/.build/HOST-aarch64-linux-gnu/riscv32-esp-elf/buildtools/complibs-host --enable-lto --enable-target-optspace --without-long-double-128 --disable-nls --enable-multiarch --enable-languages=c c++ --disable-libstdcxx-verbose --enable-threads=posix --enable-gcov-custom-rtio --enable-libstdcxx-time=yes]
  ignore line: [Thread model: posix]
  ignore line: [Supported LTO compression algorithms: zlib zstd]
  ignore line: [gcc version 13.2.0 (crosstool-NG esp-13.2.0_20240530) ]
  ignore line: [COMPILER_PATH=/home/phill/.espressif/tools/riscv32-esp-elf/esp-13.2.0_20240530/riscv32-esp-elf/bin/../libexec/gcc/riscv32-esp-elf/13.2.0/:/home/phill/.espressif/tools/riscv32-esp-elf/esp-13.2.0_20240530/riscv32-esp-elf/bin/../libexec/gcc/:/home/phill/.espressif/tools/riscv32-esp-elf/esp-13.2.0_20240530/riscv32-esp-elf/bin/../lib/gcc/riscv32-esp-elf/13.2.0/../../../../riscv32-esp-elf/bin/]
  ignore line: [LIBRARY_PATH=/home/phill/.espressif/tools/riscv32-esp-elf/esp-13.2.0_20240530/riscv32-esp-elf/bin/../lib/gcc/riscv32-esp-elf/13.2.0/rv32imafc_zicsr_zifencei/ilp32f/:/home/phill/.espressif/tools/riscv32-esp-elf/esp-13.2.0_20240530/riscv32-esp-elf/bin/../lib/gcc/riscv32-esp-elf/13.2.0/../../../../riscv32-esp-elf/lib/rv32imafc_zicsr_zifencei/ilp32f/:/home/phill/.espressif/tools/riscv32-esp-elf/esp-13.2.0_20240530/riscv32-esp-elf/bin/../riscv32-esp-elf/lib/rv32imafc_zicsr_zifencei/ilp32f/:/home/phill/.espressif/tools/riscv32-esp-elf/esp-13.2.0_20240530/riscv32-esp-elf/bin/../lib/gcc/riscv32-esp-elf/13.2.0/:/home/phill/.espressif/tools/riscv32-esp-elf/esp-13.2.0_20240530/riscv32-esp-elf/bin/../lib/gcc/:/home/phill/.espressif/tools/riscv32-esp-elf/esp-13.2.0_20240530/riscv32-esp-elf/bin/../lib/gcc/riscv32-esp-elf/13.2.0/../../../../riscv32-esp-elf/lib/:/home/phill/.espressif/tools/riscv32-esp-elf/esp-13.2.0_20240530/riscv32-esp-elf/bin/../riscv32-esp-elf/lib/:/home/phill/.espressif/tools/riscv32-esp-elf/esp-13.2.0_20240530/riscv32-esp-elf/bin/../riscv32-esp-elf/usr/lib/]
  ignore line: [COLLECT_GCC_OPTIONS='-nostartfiles' '-march=rv32imafc_zicsr_zifencei_xesppie' '-mabi=ilp32f' '-specs=nosys.specs' '-v' '-o' 'cmTC_74505' '-misa-spec=20191213' '-march=rv32imafc_zicsr_zifencei_xesppie' '-dumpdir' 'cmTC_74505.']
  link line: [ /home/phill/.espressif/tools/riscv32-esp-elf/esp-13.2.0_20240530/riscv32-esp-elf/bin/../libexec/gcc/riscv32-esp-elf/13.2.0/collect2 -plugin /home/phill/.espressif/tools/riscv32-esp-elf/esp-13.2.0_20240530/riscv32-esp-elf/bin/../libexec/gcc/riscv32-esp-elf/13.2.0/liblto_plugin.so -plugin-opt=/home/phill/.espressif/tools/riscv32-esp-elf/esp-13.2.0_20240530/riscv32-esp-elf/bin/../libexec/gcc/riscv32-esp-elf/13.2.0/lto-wrapper -plugin-opt=-fresolution=/tmp/ccm6K1Y2.res -plugin-opt=-pass-through=-lgcc -plugin-opt=-pass-through=-lc -plugin-opt=-pass-through=-lnosys -plugin-opt=-pass-through=-lc -plugin-opt=-pass-through=-lgcc -plugin-opt=-pass-through=-lgcc -plugin-opt=-pass-through=-lc -plugin-opt=-pass-through=-lnosys --sysroot=/home/phill/.espressif/tools/riscv32-esp-elf/esp-13.2.0_20240530/riscv32-esp-elf/bin/../riscv32-esp-elf -melf32lriscv -o cmTC_74505 -L/home/phill/.espressif/tools/riscv32-esp-elf/esp-13.2.0_20240530/riscv32-esp-elf/bin/../lib/gcc/riscv32-esp-elf/13.2.0/rv32imafc_zicsr_zifencei/ilp32f -L/home/phill/.espressif/tools/riscv32-esp-elf/esp-13.2.0_20240530/riscv32-esp-elf/bin/../lib/gcc/riscv32-esp-elf/13.2.0/../../../../riscv32-esp-elf/lib/rv32imafc_zicsr_zifencei/ilp32f -L/home/phill/.espressif/tools/riscv32-esp-elf/esp-13.2.0_20240530/riscv32-esp-elf/bin/../riscv32-esp-elf/lib/rv32imafc_zicsr_zifencei/ilp32f -L/home/phill/.espressif/tools/riscv32-esp-elf/esp-13.2.0_20240530/riscv32-esp-elf/bin/../lib/gcc/riscv32-esp-elf/13.2.0 -L/home/phill/.espressif/tools/riscv32-esp-elf/esp-13.2.0_20240530/riscv32-esp-elf/bin/../lib/gcc -L/home/phill/.espressif/tools/riscv32-esp-elf/esp-13.2.0_20240530/riscv32-esp-elf/bin/../lib/gcc/riscv32-esp-elf/13.2.0/../../../../riscv32-esp-elf/lib -L/home/phill/.espressif/tools/riscv32-esp-elf/esp-13.2.0_20240530/riscv32-esp-elf/bin/../riscv32-esp-elf/lib -L/home/phill/.espressif/tools/riscv32-esp-elf/esp-13.2.0_20240530/riscv32-esp-elf/bin/../riscv32-esp-elf/usr/lib CMakeFiles/cmTC_74505.dir/CMakeCXXCompilerABI.cpp.obj -lstdc++ -lm -lgcc -lc -lnosys -lc -lgcc --start-group -lgcc -lc -lnosys --end-group]
    arg [/home/phill/.espressif/tools/riscv32-esp-elf/esp-13.2.0_20240530/riscv32-esp-elf/bin/../libexec/gcc/riscv32-esp-elf/13.2.0/collect2] ==> ignore
    arg [-plugin] ==> ignore
    arg [/home/phill/.espressif/tools/riscv32-esp-elf/esp-13.2.0_20240530/riscv32-esp-elf/bin/../libexec/gcc/riscv32-esp-elf/13.2.0/liblto_plugin.so] ==> ignore
    arg [-plugin-opt=/home/phill/.espressif/tools/riscv32-esp-elf/esp-13.2.0_20240530/riscv32-esp-elf/bin/../libexec/gcc/riscv32-esp-elf/13.2.0/lto-wrapper] ==> ignore
    arg [-plugin-opt=-fresolution=/tmp/ccm6K1Y2.res] ==> ignore
    arg [-plugin-opt=-pass-through=-lgcc] ==> ignore
    arg [-plugin-opt=-pass-through=-lc] ==> ignore
    arg [-plugin-opt=-pass-through=-lnosys] ==> ignore
    arg [-plugin-opt=-pass-through=-lc] ==> ignore
    arg [-plugin-opt=-pass-through=-lgcc] ==> ignore
    arg [-plugin-opt=-pass-through=-lgcc] ==> ignore
    arg [-plugin-opt=-pass-through=-lc] ==> ignore
    arg [-plugin-opt=-pass-through=-lnosys] ==> ignore
    arg [--sysroot=/home/phill/.espressif/tools/riscv32-esp-elf/esp-13.2.0_20240530/riscv32-esp-elf/bin/../riscv32-esp-elf] ==> ignore
    arg [-melf32lriscv] ==> ignore
    arg [-o] ==> ignore
    arg [cmTC_74505] ==> ignore
    arg [-L/home/phill/.espressif/tools/riscv32-esp-elf/esp-13.2.0_20240530/riscv32-esp-elf/bin/../lib/gcc/riscv32-esp-elf/13.2.0/rv32imafc_zicsr_zifencei/ilp32f] ==> dir [/home/phill/.espressif/tools/riscv32-esp-elf/esp-13.2.0_20240530/riscv32-esp-elf/bin/../lib/gcc/riscv32-esp-elf/13.2.0/rv32imafc_zicsr_zifencei/ilp32f]
    arg [-L/home/phill/.espressif/tools/riscv32-esp-elf/esp-13.2.0_20240530/riscv32-esp-elf/bin/../lib/gcc/riscv32-esp-elf/13.2.0/../../../../riscv32-esp-elf/lib/rv32imafc_zicsr_zifencei/ilp32f] ==> dir [/home/phill/.espressif/tools/riscv32-esp-elf/esp-13.2.0_20240530/riscv32-esp-elf/bin/../lib/gcc/riscv32-esp-elf/13.2.0/../../../../riscv32-esp-elf/lib/rv32imafc_zicsr_zifencei/ilp32f]
    arg [-L/home/phill/.espressif/tools/riscv32-esp-elf/esp-13.2.0_20240530/riscv32-esp-elf/bin/../riscv32-esp-elf/lib/rv32imafc_zicsr_zifencei/ilp32f] ==> dir [/home/phill/.espressif/tools/riscv32-esp-elf/esp-13.2.0_20240530/riscv32-esp-elf/bin/../riscv32-esp-elf/lib/rv32imafc_zicsr_zifencei/ilp32f]
    arg [-L/home/phill/.espressif/tools/riscv32-esp-elf/esp-13.2.0_20240530/riscv32-esp-elf/bin/../lib/gcc/riscv32-esp-elf/13.2.0] ==> dir [/home/phill/.espressif/tools/riscv32-esp-elf/esp-13.2.0_20240530/riscv32-esp-elf/bin/../lib/gcc/riscv32-esp-elf/13.2.0]
    arg [-L/home/phill/.espressif/tools/riscv32-esp-elf/esp-13.2.0_20240530/riscv32-esp-elf/bin/../lib/gcc] ==> dir [/home/phill/.espressif/tools/riscv32-esp-elf/esp-13.2.0_20240530/riscv32-esp-elf/bin/../lib/gcc]
    arg [-L/home/phill/.espressif/tools/riscv32-esp-elf/esp-13.2.0_20240530/riscv32-esp-elf/bin/../lib/gcc/riscv32-esp-elf/13.2.0/../../../../riscv32-esp-elf/lib] ==> dir [/home/phill/.espressif/tools/riscv32-esp-elf/esp-13.2.0_20240530/riscv32-esp-elf/bin/../lib/gcc/riscv32-esp-elf/13.2.0/../../../../riscv32-esp-elf/lib]
    arg [-L/home/phill/.espressif/tools/riscv32-esp-elf/esp-13.2.0_20240530/riscv32-esp-elf/bin/../riscv32-esp-elf/lib] ==> dir [/home/phill/.espressif/tools/riscv32-esp-elf/esp-13.2.0_20240530/riscv32-esp-elf/bin/../riscv32-esp-elf/lib]
    arg [-L/home/phill/.espressif/tools/riscv32-esp-elf/esp-13.2.0_20240530/riscv32-esp-elf/bin/../riscv32-esp-elf/usr/lib] ==> dir [/home/phill/.espressif/tools/riscv32-esp-elf/esp-13.2.0_20240530/riscv32-esp-elf/bin/../riscv32-esp-elf/usr/lib]
    arg [CMakeFiles/cmTC_74505.dir/CMakeCXXCompilerABI.cpp.obj] ==> ignore
    arg [-lstdc++] ==> lib [stdc++]
    arg [-lm] ==> lib [m]
    arg [-lgcc] ==> lib [gcc]
    arg [-lc] ==> lib [c]
    arg [-lnosys] ==> lib [nosys]
    arg [-lc] ==> lib [c]
    arg [-lgcc] ==> lib [gcc]
    arg [--start-group] ==> ignore
    arg [-lgcc] ==> lib [gcc]
    arg [-lc] ==> lib [c]
    arg [-lnosys] ==> lib [nosys]
    arg [--end-group] ==> ignore
  collapse library dir [/home/phill/.espressif/tools/riscv32-esp-elf/esp-13.2.0_20240530/riscv32-esp-elf/bin/../lib/gcc/riscv32-esp-elf/13.2.0/rv32imafc_zicsr_zifencei/ilp32f] ==> [/home/phill/.espressif/tools/riscv32-esp-elf/esp-13.2.0_20240530/riscv32-esp-elf/lib/gcc/riscv32-esp-elf/13.2.0/rv32imafc_zicsr_zifencei/ilp32f]
  collapse library dir [/home/phill/.espressif/tools/riscv32-esp-elf/esp-13.2.0_20240530/riscv32-esp-elf/bin/../lib/gcc/riscv32-esp-elf/13.2.0/../../../../riscv32-esp-elf/lib/rv32imafc_zicsr_zifencei/ilp32f] ==> [/home/phill/.espressif/tools/riscv32-esp-elf/esp-13.2.0_20240530/riscv32-esp-elf/riscv32-esp-elf/lib/rv32imafc_zicsr_zifencei/ilp32f]
  collapse library dir [/home/phill/.espressif/tools/riscv32-esp-elf/esp-13.2.0_20240530/riscv32-esp-elf/bin/../riscv32-esp-elf/lib/rv32imafc_zicsr_zifencei/ilp32f] ==> [/home/phill/.espressif/tools/riscv32-esp-elf/esp-13.2.0_20240530/riscv32-esp-elf/riscv32-esp-elf/lib/rv32imafc_zicsr_zifencei/ilp32f]
  collapse library dir [/home/phill/.espressif/tools/riscv32-esp-elf/esp-13.2.0_20240530/riscv32-esp-elf/bin/../lib/gcc/riscv32-esp-elf/13.2.0] ==> [/home/phill/.espressif/tools/riscv32-esp-elf/esp-13.2.0_20240530/riscv32-esp-elf/lib/gcc/riscv32-esp-elf/13.2.0]
  collapse library dir [/home/phill/.espressif/tools/riscv32-esp-elf/esp-13.2.0_20240530/riscv32-esp-elf/bin/../lib/gcc] ==> [/home/phill/.espressif/tools/riscv32-esp-elf/esp-13.2.0_20240530/riscv32-esp-elf/lib/gcc]
  collapse library dir [/home/phill/.espressif/tools/riscv32-esp-elf/esp-13.2.0_20240530/riscv32-esp-elf/bin/../lib/gcc/riscv32-esp-elf/13.2.0/../../../../riscv32-esp-elf/lib] ==> [/home/phill/.espressif/tools/riscv32-esp-elf/esp-13.2.0_20240530/riscv32-esp-elf/riscv32-esp-elf/lib]
  collapse library dir [/home/phill/.espressif/tools/riscv32-esp-elf/esp-13.2.0_20240530/riscv32-esp-elf/bin/../riscv32-esp-elf/lib] ==> [/home/phill/.espressif/tools/riscv32-esp-elf/esp-13.2.0_20240530/riscv32-esp-elf/riscv32-esp-elf/lib]
  collapse library dir [/home/phill/.espressif/tools/riscv32-esp-elf/esp-13.2.0_20240530/riscv32-esp-elf/bin/../riscv32-esp-elf/usr/lib] ==> [/home/phill/.espressif/tools/riscv32-esp-elf/esp-13.2.0_20240530/riscv32-esp-elf/riscv32-esp-elf/usr/lib]
  implicit libs: [stdc++;m;gcc;c;nosys;c;gcc;gcc;c;nosys]
  implicit objs: []
  implicit dirs: [/home/phill/.espressif/tools/riscv32-esp-elf/esp-13.2.0_20240530/riscv32-esp-elf/lib/gcc/riscv32-esp-elf/13.2.0/rv32imafc_zicsr_zifencei/ilp32f;/home/phill/.espressif/tools/riscv32-esp-elf/esp-13.2.0_20240530/riscv32-esp-elf/riscv32-esp-elf/lib/rv32imafc_zicsr_zifencei/ilp32f;/home/phill/.espressif/tools/riscv32-esp-elf/esp-13.2.0_20240530/riscv32-esp-elf/lib/gcc/riscv32-esp-elf/13.2.0;/home/phill/.espressif/tools/riscv32-esp-elf/esp-13.2.0_20240530/riscv32-esp-elf/lib/gcc;/home/phill/.espressif/tools/riscv32-esp-elf/esp-13.2.0_20240530/riscv32-esp-elf/riscv32-esp-elf/lib;/home/phill/.espressif/tools/riscv32-esp-elf/esp-13.2.0_20240530/riscv32-esp-elf/riscv32-esp-elf/usr/lib]
  implicit fwks: []


Determining if the include file pthread.h exists passed with the following output:
Change Dir: /home/phill/wyEspAgentPay/example/build/CMakeFiles/CMakeTmp

Run Build Command(s):/usr/bin/gmake -f Makefile cmTC_553b2/fast && /usr/bin/gmake  -f CMakeFiles/cmTC_553b2.dir/build.make CMakeFiles/cmTC_553b2.dir/build
gmake[1]: Entering directory '/home/phill/wyEspAgentPay/example/build/CMakeFiles/CMakeTmp'
Building C object CMakeFiles/cmTC_553b2.dir/CheckIncludeFile.c.obj
/home/phill/.espressif/tools/riscv32-esp-elf/esp-13.2.0_20240530/riscv32-esp-elf/bin/riscv32-esp-elf-gcc   -march=rv32imafc_zicsr_zifencei_xesppie -mabi=ilp32f   -o CMakeFiles/cmTC_553b2.dir/CheckIncludeFile.c.obj -c /home/phill/wyEspAgentPay/example/build/CMakeFiles/CMakeTmp/CheckIncludeFile.c
Linking C executable cmTC_553b2
/usr/bin/cmake -E cmake_link_script CMakeFiles/cmTC_553b2.dir/link.txt --verbose=1
/home/phill/.espressif/tools/riscv32-esp-elf/esp-13.2.0_20240530/riscv32-esp-elf/bin/riscv32-esp-elf-gcc -march=rv32imafc_zicsr_zifencei_xesppie -mabi=ilp32f   -nostartfiles -march=rv32imafc_zicsr_zifencei_xesppie -mabi=ilp32f --specs=nosys.specs   CMakeFiles/cmTC_553b2.dir/CheckIncludeFile.c.obj -o cmTC_553b2 
/home/phill/.espressif/tools/riscv32-esp-elf/esp-13.2.0_20240530/riscv32-esp-elf/bin/../lib/gcc/riscv32-esp-elf/13.2.0/../../../../riscv32-esp-elf/bin/ld: warning: cannot find entry symbol _start; defaulting to 00010074
gmake[1]: Leaving directory '/home/phill/wyEspAgentPay/example/build/CMakeFiles/CMakeTmp'



Performing C SOURCE FILE Test CMAKE_HAVE_LIBC_PTHREAD succeeded with the following output:
Change Dir: /home/phill/wyEspAgentPay/example/build/CMakeFiles/CMakeTmp

Run Build Command(s):/usr/bin/gmake -f Makefile cmTC_c39ae/fast && /usr/bin/gmake  -f CMakeFiles/cmTC_c39ae.dir/build.make CMakeFiles/cmTC_c39ae.dir/build
gmake[1]: Entering directory '/home/phill/wyEspAgentPay/example/build/CMakeFiles/CMakeTmp'
Building C object CMakeFiles/cmTC_c39ae.dir/src.c.obj
/home/phill/.espressif/tools/riscv32-esp-elf/esp-13.2.0_20240530/riscv32-esp-elf/bin/riscv32-esp-elf-gcc -DCMAKE_HAVE_LIBC_PTHREAD  -march=rv32imafc_zicsr_zifencei_xesppie -mabi=ilp32f   -o CMakeFiles/cmTC_c39ae.dir/src.c.obj -c /home/phill/wyEspAgentPay/example/build/CMakeFiles/CMakeTmp/src.c
Linking C executable cmTC_c39ae
/usr/bin/cmake -E cmake_link_script CMakeFiles/cmTC_c39ae.dir/link.txt --verbose=1
/home/phill/.espressif/tools/riscv32-esp-elf/esp-13.2.0_20240530/riscv32-esp-elf/bin/riscv32-esp-elf-gcc -march=rv32imafc_zicsr_zifencei_xesppie -mabi=ilp32f   -nostartfiles -march=rv32imafc_zicsr_zifencei_xesppie -mabi=ilp32f --specs=nosys.specs   CMakeFiles/cmTC_c39ae.dir/src.c.obj -o cmTC_c39ae 
/home/phill/.espressif/tools/riscv32-esp-elf/esp-13.2.0_20240530/riscv32-esp-elf/bin/../lib/gcc/riscv32-esp-elf/13.2.0/../../../../riscv32-esp-elf/bin/ld: CMakeFiles/cmTC_c39ae.dir/src.c.obj: in function `main':
src.c:(.text+0x6a): warning: pthread_atfork is not implemented and will always fail
/home/phill/.espressif/tools/riscv32-esp-elf/esp-13.2.0_20240530/riscv32-esp-elf/bin/../lib/gcc/riscv32-esp-elf/13.2.0/../../../../riscv32-esp-elf/bin/ld: src.c:(.text+0x4c): warning: pthread_cancel is not implemented and will always fail
/home/phill/.espressif/tools/riscv32-esp-elf/esp-13.2.0_20240530/riscv32-esp-elf/bin/../lib/gcc/riscv32-esp-elf/13.2.0/../../../../riscv32-esp-elf/bin/ld: src.c:(.text+0x30): warning: pthread_create is not implemented and will always fail
/home/phill/.espressif/tools/riscv32-esp-elf/esp-13.2.0_20240530/riscv32-esp-elf/bin/../lib/gcc/riscv32-esp-elf/13.2.0/../../../../riscv32-esp-elf/bin/ld: src.c:(.text+0x3e): warning: pthread_detach is not implemented and will always fail
/home/phill/.espressif/tools/riscv32-esp-elf/esp-13.2.0_20240530/riscv32-esp-elf/bin/../lib/gcc/riscv32-esp-elf/13.2.0/../../../../riscv32-esp-elf/bin/ld: src.c:(.text+0x74): warning: pthread_exit is not implemented and will always fail
/home/phill/.espressif/tools/riscv32-esp-elf/esp-13.2.0_20240530/riscv32-esp-elf/bin/../lib/gcc/riscv32-esp-elf/13.2.0/../../../../riscv32-esp-elf/bin/ld: src.c:(.text+0x5c): warning: pthread_join is not implemented and will always fail
/home/phill/.espressif/tools/riscv32-esp-elf/esp-13.2.0_20240530/riscv32-esp-elf/bin/../lib/gcc/riscv32-esp-elf/13.2.0/../../../../riscv32-esp-elf/bin/ld: warning: cannot find entry symbol _start; defaulting to 00010074
gmake[1]: Leaving directory '/home/phill/wyEspAgentPay/example/build/CMakeFiles/CMakeTmp'


Source file was:
#include <pthread.h>

static void* test_func(void* data)
{
  return data;
}

int main(void)
{
  pthread_t thread;
  pthread_create(&thread, NULL, test_func, NULL);
  pthread_detach(thread);
  pthread_cancel(thread);
  pthread_join(thread, NULL);
  pthread_atfork(NULL, NULL, NULL);
  pthread_exit(NULL);

  return 0;
}

Performing C SOURCE FILE Test C_COMPILER_SUPPORTS_WFORMAT_SIGNEDNESS succeeded with the following output:
Change Dir: /home/phill/wyEspAgentPay/example/build/CMakeFiles/CMakeTmp

Run Build Command(s):/usr/bin/gmake -f Makefile cmTC_03933/fast && /usr/bin/gmake  -f CMakeFiles/cmTC_03933.dir/build.make CMakeFiles/cmTC_03933.dir/build
gmake[1]: Entering directory '/home/phill/wyEspAgentPay/example/build/CMakeFiles/CMakeTmp'
Building C object CMakeFiles/cmTC_03933.dir/src.c.obj
/home/phill/.espressif/tools/riscv32-esp-elf/esp-13.2.0_20240530/riscv32-esp-elf/bin/riscv32-esp-elf-gcc -DC_COMPILER_SUPPORTS_WFORMAT_SIGNEDNESS  -march=rv32imafc_zicsr_zifencei_xesppie -mabi=ilp32f  -Wall -Wextra -Wwrite-strings -Wmissing-prototypes -Wformat=2 -Wno-format-nonliteral -Wvla -Wlogical-op -Wshadow    -Wformat-signedness -o CMakeFiles/cmTC_03933.dir/src.c.obj -c /home/phill/wyEspAgentPay/example/build/CMakeFiles/CMakeTmp/src.c
Linking C executable cmTC_03933
/usr/bin/cmake -E cmake_link_script CMakeFiles/cmTC_03933.dir/link.txt --verbose=1
/home/phill/.espressif/tools/riscv32-esp-elf/esp-13.2.0_20240530/riscv32-esp-elf/bin/riscv32-esp-elf-gcc -march=rv32imafc_zicsr_zifencei_xesppie -mabi=ilp32f  -Wall -Wextra -Wwrite-strings -Wmissing-prototypes -Wformat=2 -Wno-format-nonliteral -Wvla -Wlogical-op -Wshadow  -nostartfiles -march=rv32imafc_zicsr_zifencei_xesppie -mabi=ilp32f --specs=nosys.specs   CMakeFiles/cmTC_03933.dir/src.c.obj -o cmTC_03933 
/home/phill/.espressif/tools/riscv32-esp-elf/esp-13.2.0_20240530/riscv32-esp-elf/bin/../lib/gcc/riscv32-esp-elf/13.2.0/../../../../riscv32-esp-elf/bin/ld: warning: cannot find entry symbol _start; defaulting to 00010074
gmake[1]: Leaving directory '/home/phill/wyEspAgentPay/example/build/CMakeFiles/CMakeTmp'


Source file was:
int main(void) { return 0; }
